0	state
咯扁辑 唱扼 噶沁匙 靛赋摹绰 局甸篮 构促? 噶茄阿 肋焊绰 局甸篮 构促?	编沥利
捞技拌酒捞倒 弥绊!!!	何沥利
柳楼 柳涝厘寒 绝捞 涝傣何沥扁 绝捞 甸绢柯 捞恰府烙促せせ	编沥利
剧瘤矾 棵扼客 滚啡促	编沥利
柳缴栏肺 疵 鞍篮 镑父阑 官扼毫林绰 捞技拌 酒捞倒 荤尔钦聪促!!!!!! 菊栏肺档 胶宏胶春胶鞍篮 亮篮 扁雀 棱栏搁辑 痢痢歹 承绊 促剧茄 辨肺 桓绢艾栏搁 亮摆绢夸 澜规 怖 啊焊磊!!! 捞技拌 酒捞倒篮 捞力 矫累捞促 拳捞泼~~?	编沥利
肋 葛福矫绰 盒甸篮 寸楷洒 历霸 构衬绰 侥栏肺 富窍角 荐 乐瘤父 粮吝 秦林继栏搁 亮摆绊夸 亮电 饺篮 措初绊 垮父 窍瘤 缚矫促 历锐 葛滴 荤恩捞绊 俺牢 秒氢捞 乐垒酒夸 唱绰 捞霸 亮酒 弊矾聪鳖 呈档 亮酒秦扼 捞繁侥档 救登绊 郴啊 饺栏聪 捞扒 捞惑窍促 积阿窍搁 救登烈 辟单 力啊 构扼 窍扁浚 粱 弊繁霸 历档 贸澜浚 捞惑窍霸 积阿沁芭电夸 弊贰档 逻 焊促啊 畴贰档 佃绊 秦焊聪鳖 弊繁霸 荤扼瘤绊 郴啊 恐弊法瘤 酵歹扼绊夸 穿备电 磊脚狼 积阿篮 亮瘤父 秒氢栏肺 巢阑 厚窍窍柳 缚矫促	何沥利
捞锅 能辑飘俊 官慧 老沥 殿 咯矾啊瘤 捞蜡肺 曼啊窍绰单 绊刮捞 腹栏继促绊 甸菌绰单 埔甸俊霸 漂喊茄 急拱捞 灯嚼聪促 牢磐轰秦林脚 SBS螟俊档 皑荤靛妨夸	何沥利
酒聪 SBS 春胶俊辑档 全炼牧阑窍绰 荤恩捞乐促 ..!?!?!	何沥利
措茄刮惫捞 痢痢 历瓷酒拳登绢啊匙........	编沥利
唱 历繁 滚譬滚 埔篮 酒囱单 沥富 泵陛秦辑 汞绰 芭芭电. 粮肋 粮抗 牢敲风攫辑 肚绰 酱欺 胶鸥啊 捞技倒 埔捞扼绊 窍搁 措吝甸 绢痘霸 馆览且 瘤 泵陛窃.	何沥利
乞裹窍霸 罐酒甸捞扁浚 呈公 钢篮芭鞍促 酒流 焊扁塞靛匙	编沥利
"捞技倒捞扼 窍谷 官迪 扁荤盒 酒囱啊.
捞抚阑 畴府绊 父电 巴 鞍篮单, 弊 牢扁俊 祈铰窍妨绰 扒啊.
技惑捞 芭操肺 倒酒啊变 窍绰备唱."	编沥利
捞技倒篮 吗捞促	编沥利
募.. 柳楼 棵秦 呈公 舅瞒促	编沥利
副颇丛 塞电老阑 刁绊 老绢抄 辑荤甫 焊搁 救狐龙荐啊 绝嚼聪促 副颇驰 弊府绊 捞技倒 歹腹捞 青汗秦廉扼 菊栏肺档 颇捞泼	编沥利
捞技倒捞扼绊 窍搁 模备啊 盖朝 捞技倒促府档 滴甸败辑 扒呈扼 扼绊 愁府绰单 抄 弊贰档 亮促!! 捞技倒 荤尔秦夸 柳楼 畴贰档 肋 佃绊乐绢夸 ばばばばば	何沥利
荤厘牢 快课被 乔既 '酒捞倒阑 牧剂栏肺 窍绰 胶飘府赣/滚抿倔蜡譬滚' 扼绰 漂隆捞 绢蠢 颇捞肺 沥犬洒 备盒蹬瘤 臼绊 刀芒利牢 矫胶袍阑 备绵(匙捞滚 埔墨其 2困牢 课拱盔狼 塞阑 呼妨)且荐 乐霸 沁绊 捞技倒捞 2斥悼救 滴付府 配尝(酒捞倒/胶飘府赣 劝悼)甫 棱扁 困秦 穿备焊促 何瘤繁沁扁 锭巩俊 咯扁鳖瘤 己厘且荐 乐菌带 巴 鞍嚼聪促	何沥利
牢埃篮 犁拐绢 蕊固肺况..	何沥利
"捞技倒 坷叼记锭何磐 毫柯 荤恩栏肺辑
技惑捞 固媚埃促 蠢尝搁辑档.. 捞犯霸 固媚啊搁 蚕 亮阑瘤档 ぉし"	何沥利
沥累 青荤厘 款康篮 久芒车促哥 せせせ	何沥利
"捞技倒努扼胶 措窜窍促~!
捞力绰 捞繁 促剧己档 腹酒瘤绊乐栏聪鳖
滚抿倔啊瘤绊 构扼窍绰霸 酒聪绊
捞繁 促剧己阑 粮吝窍绊 捞秦秦林绰 朝捞 棵荐 乐摆烈"	编沥利
阂街窍匙夸	何沥利
"咯矾盒 积规栏肺 坷矫芭唱 蜡譬宏肺 坷矫搁 谗辫 泅惑篮 芭狼 绝促矫乔 钦聪促 
捞犯霸 谗扁绰单 恐 毫 捞繁积阿篮 畴快畴快
捞犯霸 谗扁绰扒 pd丛 哪磐啊... 谰谰....."	编沥利
募 捞芭 构具	何沥利
拳搁阑 促矫 嘛篮扒啊... 拳龙捞 恐 せせ	何沥利
捞霸 夸硫 荤恩甸 飘罚靛烙??? 夸硫柳楼 唱扼啊 噶窍绊 乐匙	编沥利
开矫 屈捞具!!!	何沥利
农ぱぱぱぱ 开矫 快府狼 酒捞匙! 关绊 乐菌促绊!	何沥利
客 捞霸 措茄刮惫 荐霖捞衬... 柳缴 开窍促	何沥利
泅厘皑 厘抄酒聪匙 せせせ 促澜浚 怖 啊毫具瘤!!!	何沥利
畴罚 疤唱霸 亮澜	何沥利
柳涝厘寒捞 呈公 臭酒辑 臂摹 茄锅 狐瘤搁 唱坷扁 奖瘤 臼绢せせせせ	何沥利
埃例窃苞 皑荤窃阑 肋酒绰 糕滚甸 乔00乔00 尔 呈公 措炼利 ぞ 辟单 娟迟 沥富 傈惫傍楷 4矫埃郴肺 促倒巴促 ぞぞぞ	何沥利
副颇 弊贰 绢戮瘤;;;; 畴贰 肋窍绊 乏档 肋秦辑 规价拌俊 惯 淬鄙阑 巴 鞍疽澜 畴贰 柳楼 肋秦;;; 快课被 焊绰 传捞 乐匙 犬角洒	何沥利
"募 构扼 富且 荐啊 绝匙 弊成 亮促
拳捞泼窍磊 捞技倒 欧局~~"	何沥利
构扼 救且抛聪鳖 澜瘤俊辑父 粱 愁酒拎..	编沥利
捞技倒 包缴 啊廉林矫绰 葛电 盒甸膊 呈公 皑荤靛赋聪促. 览盔窍绰 涝厘俊辑 夸硫 窍风窍风啊 瓜扁瘤 臼绊 厕父 鞍酒夸! ぞぞ 捞技倒 拳捞泼!	何沥利
快府 快课被捞屈捞 措茄刮惫 畴贰 混啡促..	何沥利
"肋篮 葛福瘤父 荐腹篮 荤恩甸捞 亮酒窍绰 捞蜡啊 乐摆瘤
捞 矫厘档 目瘤搁 促剧茄 流诀甸捞 唱棵 荐 乐摆匙"	何沥利
胶宏胶鳖瘤 柳免窍促聪 快府酒捞倒 弥绊促	何沥利
2:00 傈眉利栏肺 蝶廉好阑锭绰 酒流 官迪扁荤 捞技倒捞 歹 蜡疙窍瘤 臼唱??? 官迪扁荤扼绰 娟扁啊 唱坷绰 霸 弊犯霸 铂掺反唱??	编沥利
柳楼 开窍匙 せせ	何沥利
"贾流洒 抄 滚抿倔捞电 构电 夯牢捞 犁固父 蠢偿 荐 乐栏搁 构电 亮促绊 积阿窃. 弊贰辑 唱档 焊绰 滚譬滚 炼陛 乐扁档窍绊. 历犯霸 能辑飘 啊绊窍绰霸 捞秦啊 救瞪 荐 乐瘤父 快府啊 酒捞倒 能辑飘啊绰霸 泅厘狼 弊 蠢肠苞 角力肺 酒捞倒阑 杭 荐 乐促绰 弊繁巴锭巩俊 啊绰扒单, 滚抿倔酒捞倒焊搁辑 度鞍篮吧 蠢尝绊 犁固档 蠢尝搁 捣郴绊 哎 荐档 乐瘤 臼阑鳖."	何沥利
欧酒! 能辑飘绰 给 鞍瘤父 困肺啊 等促 捞技拌酒捞倒 拳捞泼	何沥利
课被屈捞 柳楼 钢府 焊绊 扁裙 肋沁促 屈篮 开矫 玫犁具!	何沥利
乞裹窍霸 家俺秦林绰临 舅疽绰霸 癌磊扁 屈 唱坷搁辑 牢磐轰 秦辑 愁鄂 埔摹绰 俺眠	何沥利
"辟单 沥富 唱吝俊 皋鸥滚胶 啊惑泅角捞 粱歹 惯傈秦辑 
滚抿倔 酒捞倒阑 啊惑泅角救俊辑 流立 焊绊 榴辨荐乐栏搁 柳楼 犁拐阑淀 
贾流洒 瘤陛篮 弊成 悼康惑撇绢林绰 鞭捞绊 ..."	何沥利
唱 久傣 酒囱单 茄 锅 啊焊绊 酵澜.... 老窜 畴贰甸 柳楼 亮带单.........	何沥利
捞颇府俊辑 捞甫 哗滚府聪鳖 颇府啊 登滚覆	何沥利
快府 捞技倒 呈公 磊尔胶反嚼聪促!!! 澜厩 积规价鳖瘤 啊绰 弊朝鳖瘤 览盔且霸夸???	何沥利
"畴贰档 亮绊 某腐磐档  磊楷胶反绊 亮酒辑 唱档 畴贰 拌加 甸绢吭瘤父 俺牢利栏肺 泵陛秦瘤绰扒
历 某腐磐 第俊 乐绰 角力 啊荐甸捞 攫哩埃 历 某腐磐 第俊父 粮犁窍绰 巴俊 措秦 雀狼皑捞 坷瘤 臼阑鳖 
荤恩甸捞 角力 夯牢捞 酒囱 某腐磐肺 丹绢柳 磊脚阑 亮酒窍绰 巴捞扁 锭巩俊"	编沥利
抄 柳楼 葛福摆促 せせ~	编沥利
捞霸 泅措矫措?	何沥利
K扑 傣饶焊促 弊成 10傣捞 歹 腹促.	何沥利
荤厘丛捞鄂 盒捞 牢磐轰窍绰单 肋积变 倔奔苞 怕乞剧 绢柄父 瓜绊 呈公 饶临辟茄 瞒覆栏肺 坷继匙夸..	编沥利
坷鸥捻啊 傍楷档焊绰焙夸	何沥利
"酒流 厚林幅 率捞扼 贸澜焊矫绰 盒甸篮 寸炔胶矾况窍角 荐 乐绰单 弊成 捞繁 巩拳档 乐备唱 窍绊 亮霸亮霸 毫林矫搁 皑荤窍摆嚼聪促ˇ!
捞技拌 酒捞倒 拳捞泼?"	编沥利
客 sbs 箕扼眶 せせせ	编沥利
"柳楼 康盔沁栏搁 亮摆促.. 唱狼 酒捞倒...
?"	编沥利
粮吝钦聪促.	何沥利
老窜 林幅芭唱 蜡青酒聪搁 彬焊妨绰 嚼己捞 乐澜	何沥利
瘤唱啊带 捞颇府涝聪促! 固家 瘤栏哥 拌加 瘤唱啊摆嚼聪促!	何沥利
贾流洒 郴 涝厘俊急 鼻篮厚丛档 啊惑牢拱捞唱 促甫官 绝澜 	何沥利
快府 课被屈捞 绝绢瘤搁....捞技倒 绢纳登绰芭衬.....	编沥利
滚抿倔 酒捞倒..? 贸澜 焊瘤父 控瘤..澜.... 葛矫菠茄 概仿捞 乐绢焊捞匙夸 抗... 菊栏肺 亮篮 劝悼 扁措秦壕聪促..抗.. 欧局~	编沥利
2:00 捞技倒 扁荤 厚窍?	何沥利
捞繁扒 老夯俊辑唱 乐绰扒临 舅疽绰单 柳楼 唱扼 裁 饭傈靛匙 悼康惑 撇绢林绰 能辑飘せせ 曼 啊瘤啊瘤茄促	何沥利
哪腔磐粱 窍唱 荤拎扼 柳楼せせせせせせ	何沥利
柳楼 呈公呈公呈公呈公 磊尔胶反促 快府 捞技倒ばばばばばば	何沥利
老窜 畴贰甸捞 呈公 促 绊镊烙.... 畴贰啊 亮栏聪 包缴捞 哎荐观俊	何沥利
酒聪 公郊 弊贰侨 律啊府啊..	何沥利
ばばばばばばばばばばばばば快府 酒捞倒甸 荤尔秦!!!!!!!!!	编沥利
"冀≮钮≮滚≮胶≮ 绊技备!
欧酒!"	编沥利
捞霸 弊 久傣篮 捣捞 等促绰扒啊	何沥利
构瘤 捞恫吧恐 亮酒窍绰芭瘤 俺眶扁匙	编沥利
技拌利 噶脚捞促 せせ	何沥利
"福福 规价焊绊 吭嚼聪促
じい 啊绊酵菌绰单....
弊府绊 技惑捞 芭操肺 倒疽栏搁 力措肺 辑 乐绰 荤恩捞 げさ牢疤聪促 公瘤己 公稠府 垮篮 弊父"	编沥利
澜 捞惑秦	编沥利
欧酒~!	何沥利
技惑捞 固媚啊绊乐绢..	编沥利
胶炮扼捞宏 窍困龋券	何沥利
"弊成 捞繁霸 乐备唱 窍搁辑 逞扁搁 登绰芭瘤 区坷鳖瘤 且霸 乐唱 酵促
 唱档 捞繁芭 梅焊变 窍绰单 迭洒 酒公积阿 救甸绊 弊成 弊犯备唱 窍绰单 咯扁辑鳖瘤 区老 哩歹巩力鳖瘤 唱坷绰霸 饭傈靛促 せせせせ"	编沥利
捞犯霸 龙 亮绊 彬阐茄 康惑 捞悔霸 父甸绢林寂辑 皑荤钦聪促!!ばばば 捞技拌酒捞倒 拳捞泼!!!	编沥利
捞技倒 拳捞泼!!!!	编沥利
单给磷篮 滚抿倔 救窍衬	何沥利
酒捞匙! 酒捞匙! 酒捞匙! 酒捞匙! 酒捞匙!	编沥利
固闷嚼聪鳖 绒刚?	何沥利
"辟单 历霸 柳楼 历犯霸 规价且父茄 酒捞倒牢啊..?

历吧 茄惫 畴贰扼绊 家俺窍绊 历 某腐磐啊 啊荐扼绊 促弗 唱扼俊 家俺 且 荐 乐澜??"	何沥利
"胶宏胶俊档 柳免茄 捞技倒!!
 捞锅 捞技其  绊积腹栏继嚼聪促!! 
歹 臭篮 技惑阑 氢秦 菊栏肺档 拳捞泼!! 亲惑 览盔钦聪促?
胶宏胶扁磊丛档 皑荤钦聪促!"	编沥利
捞力 柳楼啊 登菌促ˇˇ..栏酒たたたたたたたたたたたたた	何沥利
0:24 葛磊捞农甫 秦档 皑免 荐 绝绰 褥..せせ~	何沥利
弊贰侨栏肺 父甸绢柳芭 救俊 乐绰扒 角力 荤恩牢单 利绢档 荤积劝 胶配欧 寸且 老篮 例措 绝阑抛聪 弊扒 厘痢牢淀	编沥利
"快急 捞 康惑阑 扁裙窍绊 力累秦林脚 胶宏胶 包拌柳盒甸膊 皑荤钦聪促

滚抿倔 酒捞倒捞扼绰霸 芭何皑捞 甸 荐啊 乐绊 角力肺 捞肺 牢秦 寇何俊辑 傍拜档 腹捞 罐扁档 钦聪促 扁贱仿捞唱 腹篮 劝悼老沥栏肺 牢秦 俺牢利栏肺 茄拌啊 坷脚霸 焊老 锭档 乐菌烈 糕滚盒甸捞 阿磊 捞肺 牢秦 塞电 矫扁啊 乐菌阑父怒 快府唱扼俊辑 阂葛瘤牢 盒具甫 俺么窍绊 吧绢啊绰 老篮 惑寸洒 绢妨款 老捞菌嚼聪促 窍瘤父 快府 捞技拌 酒捞倒 糕滚盒甸篮 牧刨明唱 目滚邦阑 漏锭档 亲惑 埔盒甸阑 积阿窍矫搁辑 夯牢甸狼 搬痢捞唱 飘扼快付甫 捞败郴矫绊 历锐啊 富窍绰 '柄何' 柄瘤绊 何辑瘤绰 苞沥阑 烹秦辑 "	编沥利
捞犯霸 胶宏胶俊辑 捞技拌 酒捞倒 焊聪 馆癌绊 皑拜胶矾况夸!ばばば 磊尔胶矾款 捞技倒 攫力唱 览盔秦!????	何沥利
"酒 传拱唱
酒 捞技倒 煌 max..."	何沥利
"厩敲矾甸 じい 窍满酒 焊捞绰 捞蜡...

2斥傈狼 快府甸捞扁 锭巩 せせせせせせせせ 快府档 捞犯霸 亮酒且临 隔耳绢"	何沥利
唱档 厩敲矾尔 轿快绊 俺 じぉ阑 促 冻菌瘤父 厩敲 崔矾档 捍冈陛捞 力老 弥绊具 酒牢酱鸥牢 单扼绊 客辑 稠府肺 蝶廉档 厩敲矾甸茄抛绰 喊 鸥拜 绝绢...弊成 捍冈陛 窍磊	何沥利
捞技倒盒甸 呈公 亲惑 畴仿窍绊 己厘窍绰 葛嚼捞 呈公 酒抚翠嚼聪促 亲惑 青汗窍矫搁 亮摆嚼聪促 	何沥利
胶宏胶春胶俊 捞技倒捞扼聪 角皑捞救唱匙夸 柳楼 快府剧瘤牢啊毫 屈.. 欧酒	编沥利
快课被捞 开荤甫 父电促	何沥利
"柳楼 贸澜 好阑订 构瘤...? 茄惫俊辑 捞繁 拌凯捞 救 冈鳃刨单....窍哥 瘤唱艾瘤父 
瘤陛篮 饶雀窍绊 乐嚼聪促

涝傣 饶 咯矾 畴贰客 规价俊辑 俺俺牢狼 胶配府甫 佃促焊聪 老馆 酒捞倒苞绰 促弗 家烹规侥捞 呈公 亮疽绊"	何沥利
捞技倒 焊聪鳖 巩垫 捞技拌胶器明酒捞倒 措惑酋捞 措窜窍芭鞍促 康盔窍扼..	何沥利
客.. 抗傈俊 老夯捞 历凡锭 快府唱扼俊辑 澜魔窍促 构促 炼氛 窍歹聪 搬惫篮 蝶扼啊匙 捞繁芭焊聪 菊栏肺 老夯 荤雀泅惑 焊绊 炼氛档 给窍摆澜..ぞ	何沥利
"弊贰辑 咯扁 盲泼捞
捞贰档 具饿 历贰档 具饿 窍绰 盲泼嘎唱夸?"	何沥利
矫措甫 呈公 菊辑艾带 SBS...! 焊拿肺捞靛 啊荐... 酒流档 扁撅茄促!	编沥利
欧-酒!	编沥利
傈何促 捞技倒阑 焊扁困秦 葛牢 磊甸	何沥利
"捞霸 措己且临篮 隔儿绰单..
 矫累篮 固距沁瘤父 场篮 芒措窍促狼 钎夯.."	何沥利
"构饿鳖 胶宏胶春胶俊辑 捞技拌酒捞倒俊 措秦 康惑捞 棵扼棵瘤 隔耳绰单

购啊 脚扁窍搁辑 扁悔搁辑 谎淀茄 皑沥捞 靛匙夸"	何沥利
唱扼 噶沁促 捞矾瘤父 酒公繁 鸥拜绝捞 弊历 捞技倒捞 傍吝颇 春胶夺霸 亮篮 捞颇府搁 俺眠せせ	何沥利
牢磐轰 逞 泛 吧妨辑 酒奖.. 	何沥利
"辟单 被捞 捞 康惑 甸绢客辑 磊技窍霸 垮窍绰芭 焊搁 柳楼 包缴罐阑妨绊 窍绰芭 鞍澜 弊成 饺栏搁 公矫窍搁 蹬绰单 厩敲崔酒啊瘤绊 ""洒洒 抄 厩敲崔疽栏聪鳖 牢轿具~"" 捞矾绰 巴档 酒囱单 柳楼 恐 弊矾绰芭烙??"	何沥利
"国结 捞技其茄瘤 2俺岿捞 瘤车绢..
矫埃曼 弧扼"	何沥利
贸澜俊 且 锭 弊成 畴贰 肋窍绰 荤恩甸 葛酒辑 畴绰 规价栏肺 积阿沁绰单 坷瘤匙..	何沥利
没鉴夸沥 酒捞匙! 葛矫菠捞 隆滚芭! ぁしし 副颇! 全炼咯脚 林福福! 抗瓷玫犁 绊技备! 澜祸夸沥 厚卯! 荤尔秦 欧酒!!	何沥利
捞芭 恐 家府救唱衬 せせ	编沥利
傣饶甸捞 青悼仿 窍唱绰 坷咙	编沥利
葛滴 泪荐霖厚	编沥利
坷蜡俊辑 吭嚼聪促. 沥富 捞惑茄 能辑飘匙夸	何沥利
绢叼鳖瘤 啊绰芭具....	编沥利
副颇丛 胶配府绰 攫力甸绢档 匡睦窍促.. 厕 捞风寂辑 历锐啊 促 扁悔匙夸 滚芭丛 富措肺 澜厩规价 柳免沁栏搁 亮摆嚼聪促!! 捞技拌 酒捞倒 拳捞泼~!!	何沥利
AI啊 角矫埃栏肺 丑淬档 窍绊 眶栏搁辑 荤捧府鳖瘤 备泅茄促搁 弊扒 弊巴 唱抚措肺 措窜窍绊 家抚蹈摆促	何沥利
"痢痢 己厘秦唱啊绰 捞技拌 酒捞倒狼 葛嚼阑 焊搁辑 呈公 青汗钦聪促~
欧酒~!"	何沥利
"割崔傈父 秦档 唱档 历 厩敲矾甸苞 鞍篮 积阿捞看促... 涝傣窍绰扒 茄鉴埃
 捞技倒 荤尔秦≮"	编沥利
"掂扼茄 促澜栏肺 面拜 罐疽澜.....缴瘤绢 扼捞宏搁 葛福摆绰单 踌拳扼绰单辑 茄锅 歹 面拜 せせせせ
辟单 厘绕捞 擒篮 柳楼 措窜窍促 俐篮 唱档 粱 绢龙绢龙茄单 柳楼........弊历 goat"	编沥利
"∝ 夯 康惑俊 免楷茄 免楷磊甫 氢茄 牢脚傍拜, 厚抄 棺 厚规阑 淬篮 瘩臂篮 昏力且 抗沥涝聪促.
免楷磊甫 焊龋窍扁 困茄 弥家茄狼 炼摹捞坷聪 备刀磊 咯矾盒狼 剧秦 何殴靛赋聪促.
胶宏胶春胶绰 咯矾盒狼 扒碍茄 狼斑 背幅甫 鼻厘钦聪促. 皑荤钦聪促."	何沥利
绢瞒乔 酒捞倒篮 啊惑狼 捞固瘤甫 颇绰 惑前捞促	编沥利
葛滴啊 林牢傍涝聪促	何沥利
捞技倒捞 胶宏胶俊 唱坷促聪ぬぬぬぬぬ 沥惑鳖瘤啊磊!!呼焊靛1困啊磊!	何沥利
"""课被屈篮 困措窍绊 傈瘤傈瓷窍哥 捞技倒篮 弊狼 荤档捞促."""	何沥利
家滴快课被固末促..	何沥利
富技促 富技具 绢瘤反匙 柳楼	编沥利
圈肺扼捞宏啊 歹 炒促	何沥利
屈 快府 澜瘤扼哥 捞霸 澜瘤具? 快府 捞技倒 呈公 磊尔胶反促!!!!! 菊栏肺档 坷阀悼救 榴疤霸 劝悼秦林技夸??	何沥利
"贸澜浚 唱档 沥富 芭何皑捞 腹捞 甸菌绰单
搬惫俊 救俊 甸绢乐绰 荤恩捞 亲惑 凯缴洒 窍绰 葛嚼阑 焊咯林聪鳖 沥捞 哎 荐 观俊 绝绰淀"	何沥利
焊拿肺捞靛尔 粱 促福促 带单 磊操 焊拿肺捞靛 积阿唱辑 利览捞 救 凳 ... 构 粱 焊促 焊搁 利览 登摆烈	何沥利
档怕登绢具 且 凯殿蜡傈磊甸捞 春胶档鸥绊 技惑捞 固媚倒酒啊绰备唱 历 某腐磐甸篮 恐 传捞 扁鲍窍霸 农绊 内尔 蓖啊 绝衬? 酒捞倒捞扼搁辑 荤恩鞍捞 积败冈龙 臼疽匙 柳楼 唱扼啊 噶沁备唱	编沥利
"滚抿倔 酒捞倒阑 贸澜 立窍霸 登搁 愁扼角 荐档 乐促绊 积阿秦夸.. 弊犯瘤父 何沥利牢 富焊促绰 夸硫浚 捞繁 巴档 乐备唱~ 窍绊 窍唱狼 巩拳肺 捞秦秦 林矫绰 朝捞 坷搁 亮摆匙夸!
亮篮 康惑 扁荤 父甸绢林脚 胶宏胶 春胶 皑荤钦聪促!!! 捞技拌 酒捞倒 荤尔秦 颇捞泼 ?"	何沥利
咯扁鳖瘤 己厘茄 捞技倒酒捞倒盒甸 菊栏肺档 拌加 逻 览盔窍哥 窃膊 坷贰坷贰 榴芭款 矫埃阑 焊郴搁辑 埔甸苞 酒抚促款 眠撅甸 阶酒哎 荐 乐辨!!!  捞技倒 器俊滚~~ 澜厩规价栏肺 ぇぁじ!! 欧酒~!!	何沥利
屈 柳楼 荤尔秦~ 岿努窍磊 捞技倒!!	编沥利
欧 酒	何沥利
酒聪 冠瓤柳丛 醋擒 酒聪衬绊夸せせせせせせ	何沥利
快府唱扼啊 俺媚噶茄 捞蜡啊 构衬?? 瞒扼府 霸烙阑窍带啊 局聪甫毫扼 捞霸 富捞登衬?	何沥利
课被屈..绢叼鳖瘤啊~	何沥利
捞 葛电巴阑 课被屈捞 货伙 措窜秦焊捞匙...	何沥利
客... 捞霸 构瘤 酵变 茄单.... 牢扁啊 腹备唱...	何沥利
怕绢朝锭何磐 胶付飘迄阑 焊绊 零绊 混酒吭栏搁 捞秦啊瘤	何沥利
"柳涝厘寒捞 柳楼 糊脚扒 蒲飘.. 历绰 捞技倒 橇肺璃飘 矫累窍绊 快课被档 备秒窍绊 2斥悼救篮 芭狼 必区窍促矫乔 芭何皑捞 乐菌绰单 
遏促款 畴贰啊 呈公 亮酒辑 涝傣窍绊 郴啊 恐 区坷沁瘤扼绰 饶雀啊 甸歹焙夸 捞技倒 弥绊.. 采辨父 叭磊"	何沥利
欧酒たたた!!!!!	编沥利
粱 弊犯促	编沥利
客 贸澜焊绰 埔待捞匙夸 捞技拌酒捞倒?? 滚眠倔 巩拳啊 磊府棱栏搁辑 捞犯霸唱 蜡疙秦瘤促聪 欧局 曼 葛矫菠捞窍匙夸 菊栏肺 劝悼 拳捞泼涝聪促	何沥利
第俊辑 颊啊遏弧搁辑 康惑贸剁快绰霸 沥惑捞衬??	何沥利
绢.. 观栏肺 唱坷绰扒 呈公 捞弗 巴 鞍篮单 捞哩 肛免 荐啊 绝绰芭 鞍促 ぉし..	编沥利
澜吝 10困档 甸菌绰单 啊瓷且瘤档	何沥利
力惯 蜡譬宏 碱明俊 救唱吭栏搁.. 粱 公瘤己栏肺 じい 腹捞 唱咳	何沥利
傍吝颇俊辑 流立 滚眠倔 技拌肺 牢磐轰啊绰 扒 贸澜 酒丛? せせせせ	编沥利
捞技倒 弊巴篮 脚捞促	何沥利
快府 捞技倒 捞犯霸 己厘沁绢夸ばぬば钧钧 ばばば荤尔秦ぬばば 康盔窍磊 捞技倒!!! 捞颇府!!!	何沥利
胶宏胶 扁磊丛 穿啊 哪腔磐粱 荤拎咯 ば	何沥利
"捞颇府 埔摹甸鳖瘤 肯寒茄(牢己)
 惫郴 弥绊 滚抿倔 酒捞倒!
弊朝 广, 价档俊 官迪空狼 捞抚捞 匡妨欺脸瘤父 穿备档 弊 捞抚捞 官迪空捞扼绊 积阿窍瘤 给沁促!
开矫 课鸥滚胶绰 脚技拌绊 屈篮 脚技拌狼 脚捞具!!"	何沥利
构瘤 せせせ 规价惫 哪腔磐 荤剧 俺饶瘤匙 せせせ	何沥利
檬馆俊绰 捞技倒俊 措秦辑 磊脚乐霸 措翠窍瘤 给沁绊 皑眠妨 沁瘤父 捞力绰 寸寸洒 唱绰 捞颇府绊 捞技倒阑 颇绊 乐促! 扼绊 富且荐 乐霸等巴 鞍匙夸 捞技倒 腹捞腹捞 荤尔秦!?	编沥利
"胶宏胶 盒甸 皑荤钦聪促

捞技其俊 免楷秦林脚  葛电 酒萍胶飘盒甸档 捞技拌其胶萍国捞鄂巴篮 掣汲栏继阑扒单 曼啊秦林寂辑 葛滴 葛滴 皑荤沁嚼聪促.
曼啊窍继菌带 酒萍胶飘埔盒甸档 历锐甫 亮霸 毫林继菌促绊 甸绢辑 扁患嚼聪促."	何沥利
捞技倒 己傍沁备唱~~磊尔胶反促 绊技备 せせせ	何沥利
课被屈 疤唱 眶扁匙 せせせせせせせせせせせせ	编沥利
饿肺狼 弊赤	何沥利
瞒盔阑 岭郴 逞绢辑 捞技拌 酒捞倒 拳捞泼~~!! 亲惑 览盔窍绊 荤尔钦聪促.	编沥利
莽赴瘤肺 畴贰甫 舅疽绰单 牢磐轰鳖瘤 嘛菌匙	何沥利
2:10 穿啊 胶宏胶 哪粱 官层拎扼 宏锚档 捞犯霸 谗扁衬 ばばばばばばば	编沥利
攫力唱 凯缴洒 劝悼秦林绰 葛嚼 焊搁 荤尔窍瘤 臼阑 荐 绝绰 快府 酒捞倒 坷贰坷贰 窃膊 青汗窍绊 酵促 亲惑 览盔且霸夸 荤尔秦!!!!!!!!!!!!!!!!!!	何沥利
"客 瘤惑颇 盲澄苞 牢磐轰扼聪... 捞颇府肺结 呈公 皑拜涝聪促!!
历锐 酒捞倒 抗悔霸 毫林寂辑 皑荤钦聪促!! 
捞技倒狼 咯沥篮 捞力何磐促! 拳捞泼!! ?"	编沥利
"历绰 构 舅扁父窍瘤 埔篮 酒囱涝厘捞瘤父 牢幅开荤俊辑 叼瘤判捞扼绰 货肺款 矫措啊 磊府棱篮单辑 唱坷绰 货肺款 屈怕狼 巩拳泅惑捞扼绊 壕聪促.楷抗牢捞扼绰 巴档 措吝概眉扼绊 窍绰 扁帛秦具 100咯斥傈 货肺 积变 脚巩拳看带扒单 茄技措 困父毫档 眉搁绝促,谍蝶扼家府佃绊 乐菌瘤父 瘤陛篮 弊历 葛滴啊 家厚窍绰 老惑捞烈.矫埃 粱 瘤唱搁 滚譬滚唱 捞技倒挥父 酒聪扼 腹篮 屈怕狼 皋鸥滚胶 牧刨明啊 唱坷府扼 积阿钦聪促."	何沥利
捞谍霸 剧瘤肺 恐 棵扼坷衬 开般促绰 瘩臂:厚沥惑 捞繁瘩臂俊 钱惯窍绊 惯馋窍绰 捞技倒 埔甸:厚沥惑   澜 货酚匙:沥惑   炼侩洒焊芭唱 扁坏窍绰 捞技倒 埔甸:沥惑	编沥利
胶宏胶俊档 唱坷绰 快府 酒捞倒 弥绊促!! 捞技拌 其胶萍国 呈公 亮疽绊 菊栏肺档 歹 亮篮 葛嚼 歹 亮篮 畴贰档 逻逻 桓绢唱啊绰 捞技倒 登辨 官而聪促 捞技倒 康盔洒!! ??	何沥利
"咯矾盒~ 捍冈陛粱 何殴靛赋聪促~~
混牢岸 割疙捞 谅钎 嘛绊
啊搁 静搁辑 老馆牢 内胶橇饭 窍绰单
弊成 公矫窍矫搁 邓聪促~~"	编沥利
牢扁啊夸 啊令酒~	何沥利
客せせ矫累且锭 变啊刮啊沁绰单 课被O 固ぇぇ 趣矫 固贰甫 郴促焊唱ぇぇ	编沥利
"货肺款 巩拳啊 积板促绰扒 亮篮 老捞促
祸救版尝绊 焊绰 荤恩甸档 乐绰单 捞巴捞 技拌利栏肺 傍蜡登绊 乐绰 巩拳促
袍器甫 给蝶扼艾促绊 厚魄何磐 窍绰扒 壳瘤 臼促
唱档 滚譬滚甫 亮酒窍绰 祈篮 酒聪瘤父 饺绢且 捞蜡啊 绝瘤臼唱扼绰 积阿阑 茄促"	何沥利
祈斑 柄何荐绊 传 皑绊 康惑父 毫 ~	编沥利
牢磐轰 秦林脚芭 呈公 皑荤窍绊 促 亮篮单.. 辟单 档措眉 倔付唱 坷贰等 哪腔磐肺 牢磐轰甫 沁栏搁 VRChat 牢霸烙 橇饭烙捞... 缴瘤绢 VR档 酒聪绊 PC肺 立加沁绰单 历繁 橇饭烙捞搁 缴阿窍匙夸. 父距 促澜俊档 扁雀啊 等促搁 粱 亮篮 哪腔磐甫 荤侩窍矫绰霸 绢冻鳖 钦聪促. 捞吧肺 贸澜 捞技倒阑 舅霸 登脚 盒甸捞 趣咯唱 扁贱 荐霖捞 酒流 历犯霸 谗扁绊 阂救沥茄 荐霖捞扼绊 坷秦且瘤 捌沥捞 邓聪促.	编沥利
贾流洒 且富篮 腹篮单.. 褥	编沥利
坷芒籍蠢肠唱绰俺久粮肋绢柄兵菩固模厚啦传界沥府空狼传狼厘抄操矾扁眶澜里捞没斥价档芭林蜡何巢局酒狐舅颇皋老快课被丛捞 父靛脚 弊缝牢啊夸? 措窜窍匙夸	编沥利
脚扁窍匙 历繁芭俊 凯堡窍绰霸	何沥利
"俊瓤...90斥措何磐 老夯海哺辑 绢吝埃窍绊 捞悔厘茄 局甸 酒捞倒捞而矫绊 啊荐 措立秦霖芭何磐啊 肋给等芭烙
累邦篮 目崇目崇 厩扁楷林, 焊拿档 力措肺 给窍绰 局甸捞 雀荤 捧磊罐绊 '唱 酒捞倒捞夸' 而矫绊 巢茄抛辑 畴贰, 勉,  牧剂鳖瘤 罐酒 怖滴阿矫鞍捞 蝶扼窍绰 局甸捞
捞哩 窍促窍促 弊贰侨 律啊府俊 见绢 磊扁磊脚付历 傈搁俊 郴技快瘤档 给窍绊 劝悼阑 窍匙..."	何沥利
绊沥包充 芭何皑 混娄父 郴妨初绊 焊聪 捞繁 犁固啊乐备唱 概仿捞乐备唱 积阿捞 奠聪促	何沥利
"瘩臂 静绰芭焊搁 老馆牢档酒聪绊 弊成 目孤噶飞,救萍甸牢单 呈公 绢弊肺 缠赴促 捍冈陛 粱 窍瘤"	编沥利
客たたたたたたたたたたたたたたたたたた	编沥利
辑荤啊 呈公 皑悼利捞匙夸. 亲惑 览盔钦聪促. 颇捞泼!	编沥利
播酒たたたたた	何沥利
垮阑窍绰 仇捞唱 馆冠窍绰 仇捞唱 肚吗柄吗 瞒扼府 瘩臂阑 崔瘤付扼 せせ	编沥利
窍 抄 葛福摆促	何沥利
"捞技拌酒捞倒 攫力唱 颇捞泼!!!!!!!!!
康盔窍磊?"	何沥利
柳楼 沥脚瞒妨扼..	何沥利
牢磐轰 窍角锭 哪磐啊... 呈公 酒奖绊...	编沥利
塞甸锭 付促 捞技倒 焊哥 塞郴绊 乐阑 父怒 康氢仿捞 概快 顿绢唱促 积阿钦聪促. 沥富 沥富 磊尔胶反绊 菊栏肺档 亮篮 畴贰客 规价栏肺 埔 葛滴甫 扁悔霸 秦林继栏搁~	编沥利
欧酒 ばばば	编沥利
せせせせせせせせせせせ 捞霸赣畴	编沥利
缚家荤	何沥利
"焊聪鳖 捞颇府90,绢叼辑 静绰瘤档 葛福摆绰 绢眉静搁辑 捞霸 构衬绰 荤恩5欺,匡 唱扼噶沁促绰局甸 3欺,鉴荐 厩敲2欺
褥...  捞颇府咯矾盒 厩敲 崔妨档 搬惫 捞巴肚茄 捞技倒捞 歹 澄府 欺瘤绊 乐促绰芭聪 垮窍瘤富绊 措览钦矫促"	何沥利
"老夯篮 捞固 如窃
酒捞付胶 鞍篮版快 局聪加 己快啊 笼利 免楷秦辑 傍楷窍绰单 档撵导 促 盲框
弊 康惑俊 久傣捞扼绊 颊啊遏龙 沁带巴甸捞 茄惫牢烙
绢瞒乔 历繁巴档 捣捞 登聪 捧磊啊 登绊 角泅捞 登绰芭摆瘤父... "	何沥利
"鳖初绊富秦辑 捞技倒阑 亮酒窍瘤绰 臼绰单 被捞 垮且芭鳖瘤具 せせ
敲饭捞宏尔 捞技倒捞 滚譬滚吝俊急 啊厘 措吝利捞霸 伎傅俊 己傍茄 荤肥鞍澜 畴贰档 柳楼 酒捞倒贸烦 惶疽绊 牧剂档 宝满澜
贾流洒 捞沥档搁 喊肺 久傣档 酒聪促ˇˇ.."	编沥利
"茄 锭 坷傣捞菌瘤父 捞扒 芭何皑 呈公 电促. 局聪档 第俊 乐绰 己快啊 乐瘤父 弊扒 捞固 嘎苗柳 技拌包苞 某腐磐 汲沥阑 楷扁 窍绰巴俊 阂苞窍扁俊 己快狼 俺牢利牢 己氢捞 俺涝瞪 咯瘤啊 绝瘤父, 捞扒 菊俊 涝埃魄 技况滴绊 第俊 乐绰 荤恩狼 荤惑苞 攫青捞 弊措肺 靛矾唱绰单 倔奔档 葛福绰 荤恩阑 够 焊绊 亮酒窍绰芭瘤."	编沥利
沥犬洒 绢痘霸 窍绰疤聪鳖?? 公措 第俊辑 康惑阑撇绢初绊 扼捞宏肺 何福绰 扒啊夸?  酒丛 扼捞宏肺 葛记母媚 酱飘甫涝绊 胶譬叼坷俊辑 扼捞宏肺 迷康窍绰规侥涝聪鳖? 夸硫篮 苞切狼 扁贱捞 脚扁钦聪促..	编沥利
绢..?	编沥利
捞技倒  荤尔秦  览盔秦夸!	何沥利
捞技倒 歹歹歹 肋登磊...!	何沥利
"娟甸酒 饺绢窍绊 酒流篮 罐酒靛府扁 塞电芭 酒绰单..
快府档 2斥傈俊绰 弊法绢"	何沥利
"割崔傈父 秦档 捞繁芭 恐焊绰瘤 捞秦啊 救灯绰单... 酒捞倒 鞍篮芭 救亮酒 沁绰单...
捞锅俊 捞技其啊辑 府客牢靛 都芒窍绊 吭嚼聪促....."	何沥利
屈篮 包娄 鳖瘤 促 父甸绢初绊 噶窍搁 官肺 包焊尘妨绊沁带 牧刨明啊 捞犯霸 老捞 目龙芭扼绊 舅绊乐菌阑鳖?さげせせせ	何沥利
绢痘霸 檬措啊荐啊 窜刀 甭令尔 靛沸碱 せせせせせせ	何沥利
1:30 ???:救俊 荤恩捞 乐绢夸	何沥利
????????????	何沥利
"老窜 畴贰啊 亮澜. 弊贰辑 佃霸 凳. 弊府绊 俺牢 规价 葛滴 犁拐绊 阿磊 概仿捞 逞魔. 弊府绊...
 荤厘捞 快课被? 富 且芭 绝绢 せせ"	何沥利
寇搁捞 酒聪扼 荤恩 弊瞒眉  郴搁阑 亮酒窍绰芭肺 积阿窍搁 登瘤 臼阑鳖?	何沥利
传拱抄促 ばば 捞技拌酒捞倒 歹 蕊秦扼	编沥利
饭傈靛	何沥利
捞哩 扁绢内 咯扁档 唱坷绰备唱 捞技倒 欧酒たたたた!!	编沥利
春胶鳖瘤 哆衬	何沥利
"踌拳等 康惑 啊瘤绊 10父盔?
捞 唱扼绰 翠捞 绝促 绢辑 矫老具规己措邦 肯厘秦具窃"	编沥利
"捞技倒捞 购瘤绰 捞力 舅霸灯绰单 柳楼 脚扁窍匙夸. 矫措啊 官差绊 乐备唱..
菊栏肺档 腹篮 惯傈阑 烹秦辑 货肺款 矫措俊 嘎绰 亮篮 巩拳 父甸绢艾栏搁 亮摆匙夸~~"	编沥利
さげ 历扒 固捻 酒聪衬	何沥利
辟单 柳楼 捞扒 沥脚捍鞍澜	何沥利
措何盒狼 垮窍绰 瘩臂 静绰 荤恩甸 备刀格废 焊搁 促弗 滚譬滚甸 乐澜.. せせ 曼 捧疙秦	何沥利
去鄂胶反促..捞霸购单 弊贰辑. 柳楼 荤恩酒捞倒牢单 个父 弊贰侨牢芭烙 酒丛 己快啊 措脚 窍绰芭烙 柳楼 隔扼辑弊烦	何沥利
"荤角  屈档  绢府嫡例茄 惑炔  せせせ

屈篮 脚捞具"	编沥利
"棵秦 12岿 31老俊绰 vr寐俊辑 价斥雀档 亮瘤父 tv俊辑 措惑 罐绰 葛嚼档 焊绊酵匙夸.

(屈 柳楼 傍吝颇 柳免 秦焊磊)"	编沥利
滚抿倔 酒捞倒狼 亮篮 荤肥啊 登绢林菌栏搁 亮摆匙夸. 捞繁 荤肥何磐 矫累秦辑 纳捞扑贸烦 货肺款 巩拳啊 沥馒窍绰芭烈	何沥利
快课被狼 铰府匙 せせ	编沥利
捞技倒 攫力唱 荤尔秦..!!	何沥利
芥郴老 给焊绊 崔妨柯 捞颇府甸捞搁 俺眠 せせ	何沥利
0:59 历扁辑 炼陛父 歹 糠栏肺 啊搁 唱 唱吭摆绰单?	何沥利
"粮吝罐绊 寸寸秦龙 荐 乐绰 弊朝鳖瘤...
快府 捞技拌酒捞倒篮 己厘且 巴 涝聪促.. "	何沥利
蜡林具 芭扁辑 赣秦....... せせせせせせ	何沥利
"捞技倒 构 酒捞倒 鞍篮 己氢栏肺 剐绊 啊绰
快课被狼 林仿捞扼绊 杭 荐 乐绰单...
快课被 腹篮 埔摸阑 焊蜡窍绊 乐瘤父
沥惑利牢 蜡历焊促 给抄 蜡历啊 歹 腹酒辑... 栏..."	编沥利
捞霸 冈鳃芭鄂吧 积阿 给沁绰单	编沥利
捞秦且妨秦档 捞秦给窍绰康开烙	何沥利
课被屈苞 牢荤茄霸 力老 何矾况	编沥利
捞霸 酒捞倒捞促...	何沥利
酒聪 胶宏胶 牢磐轰甫 且芭搁 粱 弊贰侨墨靛 崔赴芭肺 窍瘤 柳楼 弊贰侨皑加扁 崔赴芭肺 窍搁 绢寞 せせせせせせせせせせせ	何沥利
捞技拌 酒捞倒 啊厘 奴 概仿 吝 窍唱绰 捞 荤恩甸狼 寇葛焊促绰 捞 荤恩 磊眉狼 概仿俊 狐瘤霸 等促绰霸 沥富 概仿利牢芭 鞍酒夸 亮霸 毫林寂辑 皑荤钦聪促	何沥利
辟单 抗惑 寇肺 滚抿倔 能辑飘绰 酒林 抗傈俊档 乐菌澜 概瘤拿 固扼捞扼绰 能辑飘绰 10斥掳 酒流鳖瘤档 捞绢瘤绊 乐绊.. 弊聪鳖 捞扒 肋给等霸 酒丛 酒林 谎府表篮 傈烹捞 乐促聪鳖(?)	编沥利
捞技拌酒捞倒 拳捞泼!!	何沥利
屈 捞矾促啊 背苞辑俊 唱坷摆绢... 柳楼 旷厘窍促	编沥利
"捞技拌 酒捞倒 捞犯霸 牢磐轰秦林寂辑 皑荤钦聪促!
捞技倒 澜厩规价档 唱啊绊 100笼鳖瘤 坷贰坷贰 艾栏搁 亮摆嚼聪促"	何沥利
"弊成 牢屈呕阑 敬 酒捞倒捞扼绊 积阿窍搁 捞秦啊 瞪淀?

柳涝厘寒捞 富档救登霸 奴霸 巩力瘤父 茄锅 沥馒父 登搁 酒捞倒 荤积劝魔秦甫 阜绰 悼矫俊 傍埃狼 力距捞唱 柯扼牢阑 烹茄 酒捞倒苞 埔狼 芭府啊 崔扼瘤绰 殿 犁固抄 函拳啊 扁措登匙夸. 辟单 捞霸 扁粮 橇肺掂教 雀荤 涝厘俊急 窜啊唱 荐劳葛胆篮 绢痘霸 登绰啊 矫累何磐 呈公 崔扼辑 奖荤府 矫档窍变 绢菲摆匙夸. 捞霸 恐 登瘤...?"	编沥利
捞技倒 荤尔秦	何沥利
"捞技倒 贸澜 唱棵锭 府客牢靛 锭何磐 瘤陛鳖瘤 林付殿贸烦 胶媚瘤唱啊绰单 匡睦沁促
磊尔胶反促 捞技拌 酒捞倒????"	编沥利
募ちちちちちちちちちちちちちちちちちちちちちちち	编沥利
"胶宏胶 乞闭 炼冉荐啊 漂沥康惑哗绊 20父 瞪鳖富鳖牢单
2老父俊 25父 嘛洒搁 捞矾聪 历矾聪 秦档 措吝捞 茫绰康惑捞扼绰芭 酒囱啊? 局结 垮静绊 啊绰 夯牢甸捞 
滚覆罐篮 牢积甸 酒囱啊? 酒公档 茫酒林瘤 臼酒辑 寇肺款啊焊匙"	编沥利
褥 せせ	编沥利
ぞぞ	何沥利
客 辟单 弊成 滚譬滚 酒捞倒捞 己傍沁促绰 霸 疤唱 脚扁....ぇぇ	何沥利
能辑飘 酒聪绊 其胶萍国牢单 恐 能辑飘牢么 窍绰芭烙? 其胶萍国 免楷茄 啊荐甸 公矫 厚窍 窍绰芭烙?	何沥利
"促弗 盒甸 涝厘俊辑 捞购久捞扼 蠢哺瘤角 荐档 乐瘤父 捞技拌酒捞倒父狼 促盲肺款 概仿捞 蝴唱扁俊 历 荐腹篮 捞甸阑 缠绢甸老 荐 乐菌促绊 积阿钦聪促 弊历 角拱捞 靛矾唱瘤 臼绰 巴 挥捞绊, 荤恩阑 亮酒窍绰 单俊绰 倔奔捞 促啊 酒聪聪鳖夸!!"	编沥利
"1~2斥傈 荤诀 郴侩俊 呈档唱档 皋鸥滚胶 嘿咯辑 
内牢, nft, 林侥栏肺 茄帕 秦 冈绰 仇甸父 好菌绰单...  
捞犯霸 荤恩甸捞 亮酒窍绊 能辑飘 且 沥档肺 搬苞拱阑 焊咯林绰 扒 贸澜 焊绰 芭 鞍酒夸.
畴贰档 登霸 亮绊 菊栏肺档 肋登搁 亮摆匙夸."	编沥利
客 固模 牢磐轰! 哪腔磐 泛 锭巩俊 塞靛继阑刨单 牢磐轰 秦林寂辑 皑荤钦聪促せせ 捞技倒 贸澜 立窍脚盒甸 滚抿倔俊 措茄 芭何皑捞 乐阑 荐 档 乐绰单 促甸 蝶键霸 毫林技夸ぬぬ 某腐磐 第俊 柳楼 荤恩甸捞绊 埔甸苞 亲惑 家烹窍绰 规价 胶飘府赣 扳 亲惑 凯缴洒 劝悼窍绰 酒捞倒涝聪促! 涝傣秦辑 捞颇府牢霸 青汗秦夸 捞技拌 酒捞倒 拳捞泼!	编沥利
澜..?	何沥利
瘩臂焊促焊聪 畴姆白规牢甸 腹捞焊带荤恩甸篮 弊某啊框流捞绰备唱窍绊 罐酒甸捞绰芭鞍篮单 白规胶飘府赣唱 蜡譬滚 救焊绰 荤恩甸捞 粱 绢祸秦窍绰 蠢肠?	编沥利
绢 前绢	编沥利
茄 捞颇府肺辑 呈公 磊尔胶反匙夸	编沥利
拱前焊包家	何沥利
"屈, 捞贰档 澜瘤扼绊 且芭具?"	何沥利
"欧酒 扼绰富篮 伙啊窍矫绰霸 亮酒焊咯夸.
呈公呈公 郴荐扼辑.."	何沥利
构 离刮捞甸捞 亮酒窍绰芭衬?せせせせせせせせせせせせせせせせせせ	何沥利
硅 酒颇辑 固摹妨绰 酿吗捞 腹捞 焊捞匙.	何沥利
坷哆撅糙酒 捞码登搁 唱坷磊	编沥利
捞技倒 拳捞泼	编沥利
决...	何沥利
"购甸绢栋窍府
榴扁绊 青汗且荐父乐促搁具"	编沥利
柳楼 泵陛茄单 饺栏搁 弊成 救焊搁 登绰单 被捞被捞 茫酒客辑 垮窍绰扒 公郊 缴府烙? 磊扁 牢积篮 矫泵芒牢单 馆搁俊 绊累 捞繁吧肺 荤恩甸俊霸 荤尔阑 罐绰促绰 积阿俊 厚吩等 凯殿皑俊 厚吩登绢辑 弊繁扒啊? 绢恫 皑沥栏肺 垮窍绰扒瘤 捞秦啊 救凳	编沥利
快府 酒捞倒 绢叼鳖瘤 己厘窍绰芭具..	编沥利
构具 唱 胶宏胶 亮酒窍匙	何沥利
捞扒 峦........	何沥利
历 盒甸篮 弊烦 绢叼辑 勉阑 眠绊 畴贰甫 窍绊 乐绊 弊芭甫 葛记阑 蝶辑 价免窍绊 弊繁 矫胶袍牢扒啊夸?	编沥利
欧酒~~	编沥利
啊惑 某腐磐ぇぇ	何沥利
"客快 档措眉 恐 牢扁牢扒瘤 泵陛茄单
柳楼 泵陛秦辑烙 しし 厚窍啊 酒聪扼"	何沥利
"巩拳碍惫 措茄刮惫俊辑 蜡譬宏客 飘困摹, 快课被 埔墨其 促 秦好磊 200父档 救登绰单 弊 沥档 牢盔甸捞 榴扁绰 巩拳档 粮吝 罐酒具瘤
公瘤己 垮窍绊 厩敲促绰 局甸篮 混搁辑 粮吝 罐酒夯 利档 绝绊 亲惑 何沥父 寸秦吭扁 锭巩俊 粮吝 罐绰促绰霸 购瘤, 编沥捞鄂霸 购瘤档 葛甫抛聪鳖 弊凡 荐 乐促 积阿秦."	何沥利
揪蜡具 ばば 胶宏胶具 揪蜡 混妨郴 ばば	何沥利
"糠唱扼绰 捞固 抗瓷免楷档 窍聪鳖 构
快府唱扼档 弊府 瞪繁瘤绰 葛福百促父篮"	何沥利
历锐档 弊 朝 窍风啊 呈公 青汗沁绢夸.. 肚 泅角 傍楷窍搁 亮摆嚼聪促!!!	何沥利
郴 积阿浚 捞技倒捞 澜瘤啊 酒聪扼 埔摹甸捞 澜瘤牢 巴 鞍澜...历锅 窍捻 荤扒 锭 区埔摹甸 荐霖焊绊 焕历府霸 柄崔狙促せせせ酒 畴贰绰 亮酒夸 虐爹 甭	编沥利
"辟单 柳楼.. 历绰 快课被 矫没磊扼辑 癌磊扁 酒捞倒捞绊 VR捞绊 且锭 捞 屈捞 柳楼 恐捞矾唱 酵绊 捞技倒 焊搁 芭何馆览 决没 吭菌嚼聪促. 家困 富窍绰 ‘耖戊选 扼绊 某腐磐 救俊乐绰 荤恩捞 穿焙瘤档 葛福绰单 亮酒窍绰 芭 焊绊 歹 弊法芭电夸. 辟单 瘤陛篮 弊成 焊霸 登匙夸, 鞍捞 榴扁霸 登绊. 快课被狼 牧刨明 吝俊 窍唱扼绊 积阿窍绊 毫坷带 巴甸捞 痢痢 魄捞 目廉啊绰芭 焊搁 课被屈 埔 涝厘俊辑档 扁盒亮绊夸."	何沥利
扁磊丛 哪腔磐 公郊老捞具...せせせせせ	何沥利
募 固闷促	编沥利
贾流洒 泅角 酒捞倒捞扒 捞技倒捞扒 傲 局聪某扒...弊覆狼 侗 亮酒茄促绰 荤角篮 函窃捞 绝绰芭鞍促 瘤陛 牢侥捞 泅角 寇葛啊 给积败档 酒捞倒阑 且 荐 乐澜>>俺唱家唱 酒捞倒阑 窃 捞犯霸 罐酒甸捞绰 盒甸档 乐绰单 历盒甸档 促 坷叼记 烹秦辑 惶腮芭绊 概老 规价窍搁辑 牧刨明 扁裙档窍绊 埔甸捞 亮酒且父茄 芭 积阿窍绊 泅积鳖瘤 矛扁矫绰 盒甸牢单...泅角 酒捞倒苞绰 促弗 概仿捞 乐促绊 积阿窃. 俺牢 规价阑 窍搁辑 埔甸捞尔 歹 啊鳖况柳促绰 痢捞扼芭唱 寇葛挥父捞 酒囱 荤恩 磊眉狼 概仿栏肺 牢扁甫 缠 荐 乐促绰 痢档 乐绰单 瘤陛篮 2d局聪某 坷鸥捻俊 措茄 牢侥捞 抗傈焊窜 唱酒脸瘤父 阜惑 滚譬滚绰 劳槛窍瘤 臼酒辑 荤恩甸俊霸 芭何皑捞 积扁绰 扒 寸楷茄 老捞绊 阜惑 快课被 埔甸档 梅浚 芭何馆览 焊看绰单 胶哥电芭烙...瘤陛篮 牢沥 给窍绰 荤恩甸捞 腹瘤父 矫措俊 蝶扼 积扁绰 牢侥 函拳绰 弊贰吭栏聪 粮吝且妨秦档 阜惑 柳楼肺 牢沥 给窍绰扒 绢驴荐绝绰单 被捞 垮窍搁辑 厩敲崔 鞘夸绰 绝促绊 航	编沥利
扁磊丛 哪腔磐 官层 靛府绊 酵匙 せ	何沥利
捞繁 巩拳甫 鳖搁辑 被捞 瘩促绰 局甸篮 搬惫 芭合格白面甸酒丛??せせせせ 歹 茄缴茄单せせせせせ	何沥利
褥 弊沥捣啊 せ	何沥利
裁蔼 饭傈靛 せせ	何沥利
"客 捞悔霸 毫林寂辑 皑荤钦聪促... 快府 酒捞倒,,.,,"	何沥利
厩敲捞 腹带单 公矫窍矫搁  构 恐 厩敲阑 静摆澜 龙捧缴 凯殿皑 殿殿 老馆牢甸篮 脚版档 救靖せせせ 弊成 俺柳蝶烙 弊繁 俊甸篮	何沥利
"弊甸父狼 亲惑 度鞍篮 饭欺配府 快宽, 隔墨, 档怕 せせせ 绢凋瘤 焊牢促 焊咯せせせ"	何沥利
唱绰 酒流牢啊毫 呈公 何掺矾况 ... せせせ	编沥利
??	编沥利
课玫瘤	何沥利
辟单 扁磊盒 哪腔磐啊ˇ.せせせせせせ	编沥利
咯矾盒 郴妨初栏搁 技惑捞 酒抚翠霸 焊牢翠聪促.	编沥利
阂祈秦夸? 阂祈窍搁 磊技甫 绊媚旧酒~!	编沥利
"客 夸硫浚 历繁霸 唱吭促绊 措窜窍促 
贸澜毫辑 呈公 脚扁茄吧 欧酒"	何沥利
"泅角酒捞倒狼 厕阑 给捞风芭唱 角菩甫 好带 盒甸俊霸绰 扁雀牢淀~~ 唱捞力茄捞 绝促绰霸...ぞ~
酒捞倒 劝悼窍搁辑 郴 荤积劝档 焊龋登绊~~ 绢蠢 茄祈俊辑绰 啊惑酒捞倒阑 亮酒窍绰巴阑 快妨档 窍瘤父...
埔甸 措何盒篮 泅角苞 啊惑沥档绰 备盒且荐 乐绰 荤恩甸捞扼 积阿等促~
盔贰 亲惑 构电 货肺款 巩拳啊 积扁搁 快妨窍绰 格家府档 积扁扁绰 付访捞聪~ "	何沥利
贾流洒 绢副订 傣龙鞍篮芭 穿啊窃? 酵菌菌绰叼 模备眠玫栏肺 牢巩沁绰单 柳楼 青汗钦聪促せせせせせせせせ	何沥利
课被屈 措茄刮惫狼 裙阑边绰 牧拍明 吝捞矫促	编沥利
"弊烦 拳搁父 局聪瘤父 框流捞绰 迫促府 钎沥档 角力 弊 糕滚狼 框流烙阑 角矫埃栏肺 焊咯林芭唱 踌拳窍绰  扒啊夸? 
酒聪搁 父拳贸烦 救公档 弊覆栏肺 父甸绢滚府绰 扒啊夸?"	何沥利
春胶 焊搁辑 传拱 唱坷绰扒 贸澜涝聪促 ばばばば 捞技倒 青汗窍磊 ばばばば 康琶捞屈 荤尔秦	编沥利
"阂苞 馆斥 傈俊绰 滚譬滚? 弊芭 10傣甸捞唱 焊绰芭 酒丛? 沁菌绰单 瘤陛篮 捞技拌酒捞倒 6疙狼 概仿俊 谦 狐廉滚妨辑 其胶萍国档 艾促吭绢夸! 酒捞匙 隆滚芭 副颇 林福福 绊技备 厚卯 
6疙狼 糕滚啊 葛滴 犁拐绊 蓖勘绊 概仿捞 逞摹绊 辑肺埃狼 纳固啊 呈公 亮酒辑 酒流档 弥局甫 给 沥沁阑 沥档肺 促甸 呈公 亮酒夸! 
快府 捞技倒甸 促澜俊绰 窜刀,扼捞宏 能辑飘档 茄锅 凯绊 傍吝颇 澜厩规价俊档 怖 唱哎荐 乐菌栏搁 亮摆促! 捞技拌酒捞倒 拳捞泼! "	何沥利
技惑捞 芭操肺 倒酒啊绰芭衬 郴啊 芭操肺 辑乐绰芭衬 さげ	编沥利
快课被 せせせ 胶飘府欺	何沥利
萍南欧 角菩秦辑 葛矫菠捞茄 捞颇府甸篮 俺眠 ばば	何沥利
抄 贸澜俊 捞技倒捞扼秦辑 茄惫俊 官迪 赫捞 老绢唱绰 备唱 沁瘤.. 辟单 垮 贸冈绊 茫酒焊聪鳖 圈肺扼捞宏甫 斑力窍扁 困秦 父电 芭扼绊 窍歹扼 せせせ	编沥利
欧局	编沥利
捞技倒 荤尔秦 贸澜何磐 场鳖瘤 窃膊窍磊!! 	编沥利
辟单 角拱阑 焊搁 公郊积阿捞 甸瘤 泵陛窍促	何沥利
"咯傈洒 柳涝厘寒 臭篮 巩拳啊 嘎澜
辟单 课鸥滚胶啊 曼 措窜茄 霸, 何酒郴厚肺 累诀拱 镊 坷瘤霸 缠绢 棵妨辑 弊 厘寒俊 俊胶拿饭捞磐 汲摹茄付成 拌加 蜡涝矾啊 积辫
捞技倒篮 咯矾葛肺 扁充厚利牢 橇肺璃飘啊 嘎澜"	何沥利
"贸澜 夯 盒甸俊霸绰 绢祸窍扁父 且 捞技拌酒捞倒!!阑 祈斑苞 芭府肠 绝捞 牢磐轰, 家俺秦林寂辑 皑荤钦聪促 胶宏胶春胶~!! 捞技拌酒捞倒阑 贸澜 夯 盒甸档 绢祸窍扁父 窍摆瘤父 亮篮 畴贰 亮篮 牧刨明 啊垫窍聪瘪夸! 菊栏肺 歹宽 惯傈秦唱啊绰 捞技拌酒捞倒狼 葛嚼 扁措秦林技夸!! 其胶萍国鳖瘤 客林矫促聪 皑悼捞俊夸"	何沥利
さげ 脚惑捞扼档 粱 摈栏搁 捞秦 登摆绰单 ぉし 啊搁 加俊 绢恫 荤恩捞 乐阑瘤 隔扼辑 狐绰 荤恩甸 捞秦啊 救啊匙..	何沥利
捞技倒窍搁  官迪扁荤 拱绢 杭荐 乐瘤 臼酒夸?	何沥利
捞技倒篮 弊烦 勉篮 救免抛聪 扼捞宏绰 犬角洒 且 荐 乐摆匙夸 绢蠢搁俊辑绰 啊荐肺辑 蜡府茄搁捞乐匙夸 蕊固服促	编沥利
"泅犁狼 1020 挥父 酒聪扼 措茄刮惫 傈技措甫 酒快福绰 皋鸥滚胶 惫刮 酒捞倒捞 登辨 扁盔钦聪促. 
积规价 澜厩 橇肺弊伐 免楷 攫哩啊 怖 己荤登辨 !! "	编沥利
辑宏吧媚 汽 固闷绊	何沥利
"橇府磐, 坷鸥捻, n器 老夯狼 历己厘 傈枚阑 弊措肺 蝶扼啊绰 欧茄刮惫 せせ"	编沥利
客 赣具赣具!!!! 快府 酒捞倒 秒犁秦林寂辑 绊缚嚼聪促!!! 捞技倒 拳捞泼 ぬぬばばば?	何沥利
捞技倒 汽 固闷促 欧酒!!!!!!!!!!!!!!!!!!	编沥利
弊成 粮唱 眶变单? せせせせ	编沥利
快课被篮 脚捞促.	编沥利
捞技倒盒甸 糕滚 茄疙茄疙捞 促甸 阿磊狼 概仿捞乐绊 俺己捞 乐栏寂辑 呈公 亮篮巴 鞍酒夸 览盔钦聪促 捞技倒!	编沥利
"辟单 茄祈栏肺绰 ""焊捞瘤 臼绰巴阑 亮酒窍绰巴捞 宝满篮 巴牢啊?""俊 措茄 枚切利 稠里篮 拌加 乐阑巴 鞍篮 蠢肠捞 惦"	何沥利
积阿秦焊聪瘪 捞技倒丛捞 官迪... 酒窍!せせせせ	何沥利
快府 酒捞倒甸篮 捞力 矫累涝聪促. 捞技倒 荤尔秦 !	编沥利
捞扒 快课被捞 酒聪具...	何沥利
"概老概老 蝴唱玲带 捞颇府甸狼 酒捞倒捞 攫力 捞犯霸 酒抚促款 焊籍栏肺.....
柳楼 概老 规价难拎辑 呈公 绊缚备 捞颇府甸捞 腹捞 荤尔钦聪促!!!"	何沥利
"雀荤俊辑 哪腔磐 窍唱 厘父秦拎具摆匙夸
VRC泛捞 呈公 缴秦 せせせせせせ"	编沥利
粮吝窍瘤父 唱茄抛绰 塞靛匙..	编沥利
老夯 焊拿肺捞靛 厚眶阑锭啊 军弊力鞍篮单	何沥利
2021斥档 码俊 郴模备啊 滚譬滚 侗惑 阿 捞饭辑 堪捍 沁绰单 堪捍篮 唱砍促?	何沥利
"郴啊 捞惑茄扒啊夸? 
技惑捞 芭操肺 倒酒啊绰巴鞍促..
绢瘤矾况.. 捞繁霸 牢扁乐绰巴俊..
捞扒粱.."	何沥利
盒疙 酒绰 荤恩父 酒绰扒单... 春胶 殿殿 剧瘤肺 棵扼坷扼绊 じい 剐绢林绰单 绢墨畴  捞び芭;;;	编沥利
唱 恐 牢磐轰 焊绊 匡绢 雷雷	何沥利
"贾流洒 捞秦绰 救登瘤父 何沥利栏肺 焊绊酵瘤档 臼匙夸
亮篮技惑 亮酒窍绰 老 窍搁辑 榴疤霸甸 荤矫辨..."	何沥利
咯扁俊 炮厘楷 泅柳斑甸捞 扁嚼锅飘 窍绊乐促绰单 嘎唱夸	何沥利
娟迟 构 弊犯促 摹绰单 埔捞扼绰 仇甸 瘩臂捞 富捧俊辑 呈公 晨货巢	编沥利
瘩臂 腊荐丁晨货 柳悼窍匙	何沥利
"捞技倒狼 概仿篮 坷叼记何磐 逻 捞绢柳 胶配府啊 呈公 犁拐澜
干滚甸档 呈公 馒窍绊 犁拐绢辑 梅浚 芭何皑 甸促啊 狐廉甸霸达

厩敲矾甸档 捞秦窃"	何沥利
辑厘绕郊积丛 滚譬滚茄促 且锭 购啊沁绰单 蜡Z康惑茫酒焊聪 眶扁带单 せせ	何沥利
2d 亮酒窍绰 芭尔 厚搅茄啊..	何沥利
"课被屈 涝部府啊 蓖俊 吧模霸
58000km 菊鳖瘤 焊牢促"	何沥利
"构 抄 30措啊 逞绢辑 包缴绝瘤父 辑怕瘤锭唱 冠柳康 厚 殿 牧剂 棱绊唱柯 楷抗牢甸 焊搁 促甸 梅俊 坷官窍瘤付扼 垮冈绊 锐茄茄 牧剂捞扼 垮冈绊 捞矾促啊 搬惫 促甸 亮酒窍绊 己傍窍霸等芭焊搁
弊成 侧侧洒 剐绊 唱啊搁 瞪淀 ? 捞巴档 搬惫 扁贱狼 惯傈捞 捞凤辰 己苞拱酒囱啊 せせ 弊成 矫措甫 芭胶福瘤富绊 罐酒甸捞绰霸 快府啊 且老牢芭瘤"	编沥利
攫力 毫档 荤尔胶反促ˇ	何沥利
屈 变厘茄芭 促焊咯 せせせせせせ	编沥利
捞技倒 康盔洒~	何沥利
"沥富 皑悼利牢 其胶萍国 公措看促.....
弥绊具 捞技倒!!"	编沥利
捞霸 靛叼绢 剧瘤俊 棵扼吭匙	何沥利
扼捞宏档 酒聪绊 踌拳夯阑 捣林绊 颇绰扒 粱....俊官酒丛? 扁贱仿狼 茄拌牢啊	何沥利
捞惑茄吧 捞惑窍促窍搁 救登衬 ば 畴贰绰亮篮单	编沥利
坷鸥捻甸 すす	何沥利
扼捞宏档 酒聪绊 康惑阑 捣林绊 夯促绊? 傲 蜡譬宏肺 焊祭 构窍绰芭瘤...	何沥利
胶宏胶 芭瘤烙? 哪磐 己瓷捞 さげせせせせせせ	何沥利
技惑捞 唱甫 惑措肺 隔墨甫 窍绰扒啊...?	何沥利
"啊惑狼 牢拱捞扼绰 柳涝厘寒篮 乐瘤父
第俊 荤恩捞 乐绰扒 撇覆绝栏聪鳖
寇葛啊 酒囱 弊 救俊 乐绰 荤恩, 己拜, 柳青, 畴贰 殿捞 亮酒辑 涝傣沁瘤"	编沥利
捞技拌酒捞倒 荤尔秦 康盔 窍磊	何沥利
癌磊扁 泵陛秦脸绰单 历繁 滚抿倔 橇肺弊伐档 歹 惯傈窍绊 亮篮霸 唱棵刨单 弊烦 弊锭 叼磊牢父 颗败辑 货肺 父靛妨唱?	编沥利
快赴 历扁 拌脚 '荤恩'甸阑 亮酒窍绊 埔捞等疤聪促. 楷抗牢 肚绰 绢恫 荤恩甸狼 埔阑 秦焊继带 荤恩甸篮 酒角疤聪促. 弊 荤恩甸捞 夯牢甸俊霸 青汗窃鞍篮 编沥利牢 塞阑 林绰吧夸. 弊吧 历锐档 捞技拌酒捞倒盒甸茄抛辑  罐绊 乐嚼聪促!  捞技拌酒捞倒 颇捞泼?	编沥利
酒林 欧局~! 抗夸	何沥利
傍吝颇 澜厩橇肺弊伐 鳖瘤 柳免窍绰 捞技拌 酒捞倒捞 登辨 柳缴栏肺 览盔钦聪促!!!	何沥利
捞 瘩臂篮 柳楼 牢积荤绰单俊 酒公繁 狼固 绝栏聪 逞绢啊档 凳 ぉし 弊成 瘩臂 惑怕焊绊 割 救登绰 富弧肺 积阿抄芭 敬芭烙! 捞芭焊绊 阂祈窍促绊 瘩臂肺 静搁 郴 肋 给 酒丛 抄 救毫档 等促绊窃. 盒疙 富 窃	何沥利
"捞技倒捞 捞繁芭看焙夸
构..唱悔柳臼匙夸
抛求~"	何沥利
弊成 秒粮粱 秦林绞寂  窟纳 厩敲捞 腹澜 弊成 矫措啊 函窍绊 捞繁霸 乐备唱 窍搁登瘤 せせ 欧酒	编沥利
90斥措 锭 酒淬捞扼绰 啊荐啊 乐菌嚼聪促	何沥利
"割 斥 傈俊 窍明匙固捻 老夯 傍楷窍绰芭 焊绊 面拜捞看绰单
茄惫俊辑 捞繁 傍楷阑 窍聪鳖 瘤陛篮 公待待窍匙"	编沥利
磊脚狼 传俊 劳槛窍瘤 臼绊 捞惑窍促 积阿登矫搁 弊历 捞繁 巩拳啊 积己登绊 乐备唱 窍绊 瘤唱啊矫搁 邓聪促. 窜瘤 穿焙啊啊 劳槛瘤 臼篮 巴阑 亮酒茄促绊 弊巴阑 厚抄茄促搁 弊巴篮 弊历 区坷俊 阂苞钦聪促. 货肺款 巩拳啊 积己登绰 苞档扁扼 咯败林矫绊 穿焙啊啊 荤尔窍绰 措惑阑 骑窍窍绰 巴阑 肛苗林技夸:) 弊府绊 亲惑 青汗窍矫辨 瑚聪促	何沥利
铝 辟单 恐 垮窍绰芭烙? 弊成 亮酒窍搁 亮酒窍绰单肺 滴瘤	何沥利
"捞购久 - 沥惑
捞技倒 荤尔秦夸 -沥惑
厩敲 棺 厚抄 - 厚沥惑"	何沥利
柳涝厘寒捞 臭酒辑 弊犯瘤 狐瘤搁 庆绢唱坷龙 给窃	何沥利
"弊贰档 历繁芭 焊绰 坷鸥捻甸篮 规俊辑 救唱柯促绰 厘痢捞 乐疽绰单
さげ 捞哩 扁绢唱坷匙"	编沥利
"技惑捞 官差绊 扁贱捞 惯傈茄 父怒 咯矾 巩拳档 积扁绊 鞍捞 惯傈窍绊 乐绰 芭扼绊 积阿钦聪促. 狐弗 惯傈苞 函拳俊 何淬苞 芭合窃阑 蠢尝矫绰 盒甸档 乐瘤父 '技惑捞 捞繁 侥栏肺 惯傈窍绊 乐备唱, 夸硫 捞繁 巴档 窍绰备唱'窍绊 陛沥利栏肺 罐酒甸捞继栏搁 亮摆绰 官恩捞俊夸 历档 酒流 劳槛窍柳 臼瘤父 货肺款 厕阑 操绊 啊惑 技拌俊辑 矫傍埃 力距阑 罐瘤 臼绊 辑肺 眠撅档 阶绊 货肺款 巩拳啊 积变促绰 霸 亮篮 惯傈 规氢 鞍促绊 蠢厂聪促 :) 捞技倒 寇 促弗 滚抿倔 盒甸档 亲惑 拳捞泼~!"	何沥利
技惑捞 朝 惑措肺 隔墨窍绰 吝牢扒啊....	何沥利
角拱 款款窍绰 货尝甸 楷局 茄锅档 给秦好促 せせせせ	何沥利
"贾流洒 绢恫 荤恩捞 绢恫吧 亮酒窍电 弊巴捞 裹了啊 酒聪扼搁 弊成 涝促拱绊 力哎辨 啊搁 等促绊 积阿钦聪促.

弊府绊 捞技倒 ぞしぜ!"	编沥利
焊搁杭荐废 阿磊狼 概仿捞 蹈焊捞绰 捞技倒俊 绢蠢鉴埃 狐廉辑 备刀阑 噶汲捞带 澜盔荤捞飘档 备刀窍绊 贸澜栏肺 能辑飘档 啊好绢夸. 能辑飘厘 凯扁啊 酒流档 镭囚瘤瘤 臼绊ばぬ 沥富 呈公唱 榴芭奎嚼聪促...捞技倒 呈公呈公 荤尔秦! 福福顶 呈公呈公 荤尔秦!	何沥利
せせせせせai甸捞 何掺何掺窍聪鳖 按蓖勘畴.. 唱 捞繁秒氢牢啊?	编沥利
厉匙 焙牢 厚窍茄 局甸 酒丛?	编沥利
咯扁 瘩臂 谅钎嘛躯唱夯单	编沥利
郴 秒氢篮 酒聪促 久傣牢单 滚眠倔篮 坷洒妨 馆皑捞 甸歹扼 付摹 老夯 酒捞倒 焊绰蠢肠 撅瘤肺 茄颊栏肺 杭 骂福哥 墨客捞? 窍绰 蠢肠 傲 坷臂芭府绊 弊繁扒 局聪加俊父 粮犁沁栏搁 亮摆促绰 秒氢	编沥利
"捞技拌 酒捞倒 磊尔胶反促!
?"	何沥利
捞技拌 其固倒 肋好嚼聪促.^^...倾滚倾滚	何沥利
捞犯霸 拌加捞技倒狼 开荤啊 窍唱 窍唱 拌加 矫累登蠢芭具	编沥利
剑l绕篮 恐 绝瘤	何沥利
"快府啊 湍 捞技拌 酒捞倒俊 凯堡窍绰瘤 泵陛窍脚啊夸? 窜 茄 付叼肺 汲疙窍磊搁...
''酒捞倒篮 胶配府促.'' 捞 茄 付叼肺 汲疙 啊瓷钦聪促."	何沥利
啊惑捞 酒聪扼.... 荤恩捞 乐绢夸...	何沥利
快课被捞 捞贰辑 促矫 澜瘤肺 啊具茄促窍绰芭看备唱 瘩臂焊聪 弊凡父窍匙	何沥利
绢快 抄 澜瘤俊 拌加 乐绊 酵菌绰淡...	何沥利
酒流 皋鸥滚胶俊 积家秦辑 芭何皑捞 靛绰 扒 荤角捞瘤父 皋鸥滚胶甫 烹茄 流诀狼 促剧己阑 焊咯霖 编沥利牢 荤肥扼绊 积阿窃... 弊府绊 啊惑技拌扼绰 吧 绢痘霸 罐酒甸咯具 窍绰 瘤 积阿窍霸 凳	编沥利
赣扼畴..	编沥利
喊肺促...	何沥利
"柳楼 贾流洒 畴贰绰 亮变窃
辟单 2D甫 亮酒窍绰芭搁
瞒扼府 捞秦甫 窍摆澜 "	编沥利
欧酒!	编沥利
"救崇窍技夸! 夯 康惑俊辑 擒滚芭葛磊静绊 牢磐轰茄 夯牢涝聪促!!

捞锅 捞技拌 其胶萍国阑 窜鉴 坷鸥捻甸狼 葛烙捞扼绊 积阿窍瘤 富酒林矫绊 快府唱扼 扁贱捞 捞父怒 惯傈沁促, 菊栏肺狼 滚抿倔 傍楷狼 霉 档距捞扼绊 积阿秦林矫搁 亮阑巴鞍嚼聪促!"	何沥利
攫哩啊绰 捞技倒捞 葛滴俊霸 牢沥罐绰 朝捞 棵 巴捞促.	何沥利
哩厘 肚 快课被捞具 唱绰 件硅且荐观俊 绝绢 康盔窍扼 付康琶!!!! 付康琶 荤尔秦	何沥利
"弊烦 历 荤恩甸 角力 唱捞,倔奔档 葛弗盲肺 亮酒窍绊 弧酒林绰芭烙?"	编沥利
快府绰 捞技拌 酒捞倒狼 矫措甫 混绊 乐促	何沥利
捞技倒篮 芭何皑 绝绰单 弊 埔待捞 开窃	编沥利
捞技拌 酒捞倒 腹篮 览盔 欧酒!	编沥利
牢磐轰鳖瘤 沁菌备唱	何沥利
"绢蠢 盒具电 惑困 1%绰 冈绊魂促瘤父
泅角 酒捞倒 瘤噶积甸篮 泅鸥 棵淀..."	编沥利
"胶宏胶盒甸膊辑 历锐 捞技拌酒捞倒阑
牢磐轰 秦林寂辑 皑荤钦聪促! ?
粮吝秦林矫绊 家俺何磐 龙巩 翠函 傈何
亮疽嚼聪促! 胶宏胶 皑荤钦聪促! "	何沥利
捞力 局聪傣饶 坷鸥捻甸 垮且 鞘夸绝澜. 滚眠倔 酒捞倒 亮酒窍绰 巴苞 促甫 官啊 绝澜. 贾流洒 捞秦绰 救登瘤父 弊成 辑肺 粮吝钦矫促. 巩力 老栏虐绰 巴档 酒聪绊	编沥利
....捞惑秦 ぬ	编沥利
"历锐 捞技倒篮 瘤陛何磐 矫累涝聪促. ?
牢磐轰 秦林脚 胶宏胶春胶盒甸 沥富 皑荤钦聪促."	编沥利
厩敲捞 昏力 寸窍聪鳖 措瘩臂俊辑 厩敲 崔绊 轿快绊 乐匙夸...捞巴鳖瘤 胶宏胶啊 包府窍扁 塞甸摆瘤父 弊贰档 瘩臂捞 柄昌窍聪鳖 亮匙夸	何沥利
捞 康惑 祈笼茄 盒捞 林气档啊 酒囱啊 窍绰 钦府利 狼缴捞 靛匙夸. 拳搁付促 福福顶 窜刀鸡捞尔 季磐鸡...	编沥利
2斥傈父秦档 陛规 噶且临 舅疽带 滚抿倔酒捞倒捞 瘤陛 捞犯霸 己傍秦辑 傍楷鳖瘤窍绰霸 呈公 棍瞒辑 传拱捞 车绢夸 ばば 菊栏肺 窜能且锭鳖瘤 康盔窍磊 捞技倒!!!	何沥利
矫措啊 函窍绊乐澜~ 给蝶扼坷搁 档怕登绰芭烙~	编沥利
脚扁窍促	何沥利
"腹篮 牢规牢甸. 厩敲捞 馆靛矫 粮犁窍绰 捞蜡 夯牢篮 霸烙 捞尔 目孤甫 流诀利栏肺 隔涝窍绰措 沥累 荐涝篮 0盔
规价牢甸 茄抛 凯殿皑阑 蠢哺啊哥 厩敲矾啊 凳"	编沥利
捞技倒 弥绊	编沥利
快馈	编沥利
唱档 啊绊酵菌绰措..	何沥利
构 亮酒窍电 饺绢窍电 舅狐畴牢单 角力肺 捞悔绊 畴贰 肋窍绊 勉鳖瘤 肋 描栏搁 绢叼电 单妨啊辑 角拱肺 单哼沁摆瘤 啊惑 技拌俊辑 历矾绊 乐摆唱	何沥利
"快府 酒捞倒 呈公 磊尔胶矾况夸?
菊栏肺档 逻逻 桓绢辑 积规价 澜厩橇肺弊伐 免楷 己荤登矫辨 官饿霸夸!"	编沥利
官迪扁荤 扼绰 富父 救唱吭栏搁 亮摆促	何沥利
扁磊丛 亮篮 哪腔磐 瘤鞭罐栏矫辨 扁盔钦聪促	编沥利
郴啊 啊厘 亮酒窍绰 酒捞倒 	编沥利
扁磊丛 哪磐窍唱 厘父窍寂具且淀	编沥利
咯矾 芭何皑捞 靛角荐档 乐瘤父 亮霸毫林寂辑 皑荤钦聪促. 历锐档 畴仿秦辑 己槛秦瘤绰 埔待捞 登摆嚼聪促.	何沥利
?? : 抛求~ 绢~ 胶宏胶? 酒 棵扼吭促绊?  绢 欧局~	何沥利
2:09 VR锚 泛吧府绰芭 粮唱眶扁匙 せせせせ	编沥利
咯扁 瘩臂甸父 毫档 课被丛捞 措窜茄 镑俊辑 柯 挤寇档 芭例茄 捞蜡啊 焊捞匙夸. 酒流篮 捞秦窍扁 塞电 巩拳摆瘤父 公盼措绊 垮窍矫绰 盒甸档 捞秦窍扁 塞甸烈. 弊成 捞繁 巩拳啊 乐备唱 窍绊 瘤唱啊矫搁 亮阑 巴 鞍嚼聪促. 酒公瓢 促甸 榴芭款 茄啊困 焊郴矫绊 捞技倒 盒甸 拳捞泼涝聪促.	编沥利
俊绒	何沥利
茄 胶飘府赣狼 牧刨明肺 矫累沁瘤父 捞技倒 坷叼记何磐 单哼鳖瘤狼 咯沥阑 焊搁 规侥父 促福瘤 坷叼记 橇肺弊伐栏肺 搬己茄 泅角 酒捞倒窍绊 喊 促甫霸 绝瘤 盒疙茄 茄拌啊 乐澜俊档 咯扁鳖瘤 客霖霸 沥富 措窜窍促	编沥利
啊绊 酵菌绰单... 啊绊 酵菌绰单!	编沥利
林福福 粮唱 荤尔秦	何沥利
"葛滴 厕阑 捞风绰 弊朝鳖瘤
拳捞泼 捞技拌酒捞倒!!!!"	何沥利
澜...焙措倒 ぇ	何沥利
捞技倒狼 埔篮 寸脚趣篮 寸脚 瘤牢老荐 乐嚼聪促.	何沥利
"恐焊绰瘤 隔耳绰单 茄锅 滴锅 焊促焊搁
狐廉乐阑芭烙 富林函捞 绝绢辑 汲疙阑 肋给窍摆绰单 ..弊成 快府尔度鞍篮 荤恩捞绊
犁拐绊 眶变盒甸 腹澜ぞぞ鳃傅窍技夸"	何沥利
"没鉴焊拿 酒捞匙! 葛矫菠捞 隆滚芭! 蓖咯况 副颇! 

全炼咯脚 林福福! 抗瓷玫犁 绊技备! 澜祸夸沥 厚卯!)"	何沥利
葛滴 泪荐霖厚 !! 肋 救甸妨夸快 ~	何沥利
快府 酒捞倒 呈公 磊尔胶反促..! 捞技倒 康盔秦!!!?	何沥利
AI啊 乐绢辑 祈秦瘤绊 亮酒瘤变 窍绰单 捞吧 焊聪 啊荐扼绰 磊府甫 哗狙阑 荐档 乐摆促!	何沥利
"绢赣! 快府 酒捞倒捞 胶宏胶俊!!! ぞぞぞぞぞ 
牢磐轰俊 发捞 逞 酒浆款 埔 1牢."	编沥利
屈篮 脚捞具たたたたたたたたたたたたたたたたたたたたたたたたたたたたたた	何沥利
"滚譬滚啊 牢规狼 窍唱狼 荐窜栏肺 磊府棱栏搁辑 畴贰俊 磊脚乐绰 盒甸档 滚譬滚甫 窍霸 登聪
磊楷胶矾款 泅惑 鞍酒夸"	编沥利
技惑捞 唱甫 撅鳖窍郴	编沥利
技惑捞 固模芭鞍促	何沥利
唱档 捞技倒 坷叼记 贸澜何磐 夯 涝厘栏肺辑 捞繁 咯己滚譬滚 趣篮 咯己 滚抿倔 胶飘府赣 巩拳俊 嘎瘤 臼绰 荤恩篮 涝傣何沥扁啊 酒聪扼 场鳖瘤 肋 救焊霸 凳. 唱档 拌加秦辑 课被屈 规价俊辑 捞技倒盒甸阑 焊变沁瘤父 沥累 流立 茫酒啊辑 夯利篮 绝澜. 辟单 捞霸 老馆牢捞 捞繁 巩拳甫 捞秦且 荐 绝促绰 侥栏肺 馆览阑 钎泅窍搁 涝傣何沥扁扼 弊贰~ 捞繁 瘩臂篮 夯牢狼 苞沥父 积阿茄 钎泅捞扼绰 巴阑 舅酒玲栏搁 亮摆澜.	何沥利
"酒...柳楼....
抗傈 角力 酒捞倒捞 弊赋促
酒捞匙 副颇 林福福 隆滚芭 绊技备厚卯?
娟匙绰 构衬..."	编沥利
啊绊酵促...	何沥利
20傣...	编沥利
捞技拌 酒捞倒! 拳捞泼!! 	何沥利
捣罐绊 康惑棵府绰局甸篮 公侥窍霸 眶辫 2父籍捞 概柳捞搁 茄惫啪捞匙 郴斥捞搁 泪角林版扁厘盲快摆促 牢磐轰窍绰 局甸 膏飘啊 眶辫 背腊罐疽衬 历唱捞贸冈绊 官肺官肺 捞矾绊 旧酒乐匙  2父籍捞扼绰单 甭令绰 救颇唱焊匙	编沥利
柳楼 课被屈篮 饭傈靛促..	何沥利
さげ..唱 涝傣寸茄扒啊..	何沥利
磊操 埔摹 捞颇府尝府 畴绰单 柳瘤窍霸 唱扼 噶沁促绊 窍绰霸 呈公 眶辫 せせせせせせせせせせせ	何沥利
副颇~~~~~*##*#*#*#::#酒酒酒酒酒酒酒酒酒酒酒酒酒 副颇丛 荤尔秦夸≮	何沥利
柳楼 捞技倒 己傍 犬伏捞 0.02欺季飘观俊 救缇阑 锭 捞犯霸唱 己傍且 临 穿啊 舅疽摆澜ˇ. 柳楼 磊尔胶反促 捞技倒	何沥利
澜ˇ..	何沥利
揭琶捞屈 康芭鞍酒 ばば	何沥利
吝埃俊 宏锚栏肺 牢磐轰 窍绰单 泛吧府绰芭 焊聪 惑寸洒 端哪牢啊焊匙 せせせせせ	何沥利
促 葛福摆绊 老窜 剧瘤酒囱扒 舅绢 俺久澜瘤牢芭 舅摆栏聪瘪 唱父 亮酒且霸 绢 欧酒~	何沥利
某腐阑 亮酒窍绰 芭瘤 夯葛嚼捞 绢痘霸 积板绰 瘤档 葛福绰 芭 酒丛?	何沥利
捞技倒 涝巩 傈俊绰 滚眠倔狼 寒捞 呈公 臭酒焊看绰单 弊 寒捞 倾拱绢瘤聪鳖 磊楷胶反霸 榴扁霸 登歹扼备夸 2斥 傈狼 历茄抛 固贰俊 呈 滚眠倔 亮酒秦扼绊 窍搁 泥规蓖 差菌阑 淀...	何沥利
久傣甸 捞霸 牢轿巩拳扼芭 积阿窍绰芭 俺眶辫	编沥利
"柳楼.... 呈公 亮促 快府 酒捞倒阑 舅副 荐 乐促绰霸 呈公 亮促!!!!!!!!!!
屈 呈公 绊付况 捞技拌酒捞倒阑 父甸绢 拎辑 呈公 绊付况!!!!!!!!!!!!!!!!!!!
捞技倒 攫力唱 桂柯秦"	何沥利
"档措眉 捞霸 构衬 技惑捞 柳楼 噶沁唱 坷付矮 坷付矮

备秦拎 付捞 酱欺洒绢肺"	何沥利
捞技其绰 柳楼...固j促...	编沥利
娟甸酒....羔沸瞒飘 1困俊 茄惫 呼焊靛 3困搁 富 促 沁促 绢蠢沥档绰 措吝己捞 乐绰霸 刘疙捞 等芭烙 何反促绊 捞 酒垫官垫 哎搁辑 鳖郴府瘤 富绊 绢蠢沥档绰 弊成 秒氢 粮吝秦林搁辑 辑肺 捞秦窍搁辑 混磊.... 恐 牢积 救鸥滨霸 乔帮窍霸 荤衬 款悼栏肺 胶飘饭胶 仟绰 荤恩档 乐绊 角力 酒捞倒 焊搁辑 胶飘饭胶 仟绰 荤恩档 乐绊 咯矾 蜡屈捞 乐绰芭垒酒 捞繁扒 能辑飘鳖瘤 且扼搁 捣 俺腹捞 甸刨单 捞吧 窍绰 捞蜡啊 构摆衬 荐夸啊 乐栏聪鳖 窍绰芭垒酒 快府 葛滴 辑肺 粮吝阑 窍厘	编沥利
0:50 k绕捞屈 ぞし	何沥利
"滚眠倔=焊捞绰 扼叼坷 ok? 
葛福矫绰盒甸 倾惑阑 i绰霸 酒聪扼 胶飘府怪 矫没阑 窍绰芭烙 涝淬 亮绊 畴贰 亮绊 犁拐绢辑 狐绰芭烙 ok? 焊捞绰 扼叼坷 扼绊 积阿窍技夸."	何沥利
烤朝俊 固捻?鞍篮芭 唱棵锭绰 垮 决没沁绰单 技惑捞函沁唱.. 鞍篮何幅鞍篮单 肚 亮霸焊匙	何沥利
捞技倒捞具 富肺 柳沥茄 酒捞倒捞瘤!!! 弥绊促	何沥利
焙惯攫 康惑 焊绊 绢快具 沁绰单..秦疙绯夸?	编沥利
"历档 滚譬滚 亮酒窍绰单夸.. 
措吝俊霸 傈颇登扁 酒流 捞弗 澜瘤巩拳 扼 积阿钦聪促..
措吝甸俊霸档 利览窍绰 矫埃捞 鞘夸钦聪促"	编沥利
货肺款 技拌促...脚扁窃	何沥利
"老馆牢甸俊霸 掣汲绊 捞秦窍扁 塞电 何盒捞 腹摆瘤父
弊烦俊档 粮吝窍绊 货肺款 巩拳肺 毫林矫绰 盒甸 皑荤钦聪促"	何沥利
弊 构饿鳖.. 焊拿肺捞靛 鞍篮 某腐磐 第俊 弊成 柳楼 bj鞍篮 荤恩 乐绰 蠢肠捞匙 绢赴 局甸捞 亮酒且 临 舅疽绰单 康惑焊聪鳖 20措甸档 腹备唱	何沥利
屈.. 快府啊 秦陈绢	编沥利
贸澜 焊矫绰盒甸 捞霸构具 恐 亮酒秦?  捞矾角荐乐栏矫摆瘤父 弊贰档 焊矫搁辑 捞繁 概仿捞乐备唱 窍搁辑 毫林矫搁 亮摆嚼聪促!! 促甸 捞悔绊 概仿乐绰盒甸捞聪鳖 捞繁规价档 乐备唱 窍搁辑 毫林矫搁 皑荤窍摆嚼聪促!!	编沥利
"啊惑泅角 扁贱仿狼 惯傈苞 皋鸥滚胶扼绰 窜绢甫 啊厘 肋 钎泅窍绊 菊栏肺啊 歹宽 扁措登绰牧刨明牢巴 鞍酒夸~
贸澜捞扼 绢妨款 档傈捞菌阑刨单 措窜窍备
岗乐嚼聪促!"	何沥利
"历繁霸 冈囚? 扼绊 积阿沁带霸 
柳楼肺 冈洒匙夸."	编沥利
券厘窍摆促  霖龋巢辫	编沥利
"辟单 促鞍捞 榴扁绰 其胶萍国牢单 踌拳康惑 飘绰扒 酒公府毫档 粱... 扁贱仿 巩力扼秦档 畴贰绰 扼捞宏啊 登绰芭 酒囱啊夸? 
酒捞倒 酒捞倒 窍矫绰单 酒捞倒 其胶萍国俊辑 踌拳康惑父 逻 撇菌促绰扒 甸绢夯利档 绝绢辑;"	何沥利
捞技倒 柳楼 荤尔茄促!!!!!!!!!!!!	编沥利
茄惫 滚抿倔篮 粱 せせせ	编沥利
吗栏肺 捞技倒 傈邦 促 亮酒夸. 	何沥利
捞弊具	何沥利
副颇 快绰芭焊聪鳖 搂秦咯ばばばばばば柳楼 捞甸俊霸 莫蛮苞 拜妨父 林绞矫坷 孺孺..  凯缴洒窍绊 埔甸捞尔 家烹档 肋窍备 逞 抗慧 模备甸涝聪促 ばぬば 弊府绊 畴贰啊 曼.. 亮促..!!!	何沥利
滚譬滚扼绰 漂己惑 蜡疙秦龙荐废 瘤唱啊绰 荤恩甸捞 倒 茸茸 带瘤绊 啊绰 冉荐档 腹酒瘤聪 捞霸 曼 剧朝狼 八捞促	何沥利
辟单 局檬俊 滚譬滚啊 距埃 澜瘤扼 粱塞甸 巴 鞍篮单 弊贰档 览盔篮 赛聪促!	编沥利
林福福 全炼牧 汽 固闷促	编沥利
柳楼 捞秦 救啊匙;	何沥利
"捞技拌 酒捞倒 坷叼记 矫累且 锭父秦档 
弊傈何磐 快课被, 绊糕(快课被 霸烙规价俊 免楷窍绰 VR 霸烙狼 绊沥糕滚甸)捞 乐绢辑 模槛沁绢档 
滚抿倔 蜡譬滚扼绰 俺充捞 掣汲绊 积家沁菌带 矫埃甸捞 乐菌烈 せせせ (弊矾促 促矫 畴贰甫 快楷洒 佃绊 馆窍搁辑 促矫 登倒酒焊霸 登绰 拌扁啊 等 纳捞胶而聪促~)"	何沥利
弊烦 构秦 其固倒牢单 倾滚倾滚~~	编沥利
痢瞒 腹篮 荤恩甸捞 舅酒埃促绰 痢俊辑 谎淀窍匙夸! 如洒 富窍绰 傣龙捞扼绰 俺充俊辑绰 酒捞倒阑 亮酒窍绰 埔盒甸 葛滴啊 鞍扁 锭巩俊 弊 付澜阑 捞秦秦林绊 鞍捞 亮酒秦林脚促搁 皑荤且 蝶抚涝聪促 滚抿倔酒捞倒狼 啊厘 奴 厘痢篮 家烹捞扼绊 且 荐 乐摆匙夸! 角矫埃 家烹苞 促剧茄 牧刨明甫 烹秦辑 没磊啊 傍皑阑 且 荐 乐绰 夸家甸肺 促啊坷聪瘪夸! 腹篮 包缴 何殴靛府摆嚼聪促	何沥利
扁磊丛 哪腔磐啊 腹捞 塞靛脚单档 牢磐轰鳖瘤 秦林寂辑 沥富 皑荤钦聪促	何沥利
饭傈靛促.. 捞技拌酒捞倒 盖朝览盔秦 颇捞泼 	何沥利
亮扁父 窍备父 せせせ	编沥利
沥富 脚扁茄 堡版捞匙夸. 泅角技拌俊辑狼 酒捞倒挥父 酒聪扼 历繁 规过栏肺档 牢扁啊 腹阑 荐 乐促绰 荤角阑 焊咯霖 巴 鞍嚼聪促. 历 捞技拌 酒捞倒捞鄂 盒甸阑 贸澜 焊瘤父 历繁 矫档绰 面盒洒 拌加 登绢具 茄促绊 积阿 钦聪促! 欧酒!	编沥利
"快府 捞技倒 呈公 岗瘤促 孺孺... 柳楼 快府 啊荐 炉 岗廉づづ 菊栏肺档 快府 坷贰坷贰 毫夸ばばば 捞技其 坷继带 酒萍胶飘盒甸档 呈公呈公 岗瘤继嚼聪促 沥富 皑荤靛赋聪促!!!
辟单 牢磐轰 大眶扁匙 柳Nせせせせせせせせせせ 牢磐轰 康惑焊搁 课被屈捞 呈公 碍秦焊咯辑 捞技倒捞 坷洒妨 公抄秦焊捞钉护护护 咯瓢 捞技倒 荤尔秦...????"	何沥利
"2010斥措 捞技倒 : 官迪扁荤
2020斥措 捞技倒 : 捞技拌酒捞倒"	何沥利
"牢磐轰 泛吧府绰芭毫扼せせせせ
历霸 滚抿倔?? 葛滴啊 力距绝捞 榴败具 啊惑泅角捞扼绊 窍瘤 
哪腔磐 荤剧锭巩俊 牢磐轰窍绰 扁磊档 泛捞吧府匙せせせせせ"	何沥利
酒 2:08 呈公眶败夸 せせせせせせせせせせせせせせせせせせせせせせせせせせせせ	编沥利
げけぁ	何沥利
99999999(笛扁啊 儒蠢尝哥 匡何垄菌促)	编沥利
哪腔磐粱 荤拎扼!	编沥利
柳楼 快府 酒捞倒 弥绊促...	何沥利
恐 捞犯霸 己厘茄芭衬 捞技倒.ばばば	编沥利
课被丛篮 脚捞促	编沥利
"捞技拌 酒捞倒俊 措秦辑 粱 坷秦甫 窍绊拌脚 盒甸捞 拌脚 巴 鞍酒辑 割 啊瘤 利绢滴绊 啊焊摆嚼聪促.

1. 剧瘤绰 购 せせ 聪甸捞 攫力何磐 皋捞历啊 凳
嘎嚼聪促. 捞技拌 酒捞倒狼 劝悼篮 泅 矫痢俊辑 100锅 剧焊秦档 例措 剧瘤啊 瞪 荐啊 绝烈. 蝶扼辑 例措利 澜瘤, 惑措利 剧瘤扼绊父 积阿秦林矫搁 皑荤窍摆嚼聪促."	何沥利
快府唱扼档 痢痢 pc拳 登绊 乐匙 臂肺国茄 技惑	何沥利
"捞技拌酒捞倒? 贸澜 好瘤父 舅肋迭窍绊 葛矫菠捞窍霸 欧酒胶矾款 巴捞 酒林 饭霸畴匙夸. 抛求~
咯窍瓢 绵窍靛赋聪促. 秦乔 滚胶 单捞 捧蜡~~ 居 扁葛鹅!!!"	编沥利
决 霖 侥	何沥利
靛釜靛釜 茄惫 咯磊 滚譬滚甫 恐 焊绰..	编沥利
"募ちちちちちちちちちちちちちち 弊 绢恫 富档 鞘夸 绝促 ""屈篮 脚捞具!"""	何沥利
肋 葛福瘤父 沥富 岗柳 公措看绊 阿磊狼 困摹俊辑 沥惑阑 青秦 棵扼啊绰 凯沥苞 柳缴篮 柳楼扼绰 巴阑 蠢布嚼聪促. 览盔钦聪促.	何沥利
捞矾促啊 唱吝俊 措切背绵力俊档 捞繁 滚譬滚 酒捞倒甸 棵鳖毫 滴菲促.. 抄 ai啊 酒聪扼 荤恩阑 焊绊酵促绊 せせせ	何沥利
鳖客 狐啊 霖郴 轿快绰芭焊搁 绢蠢沥档 剧瘤 啊荐啊 等扒 嘎绰淀せせせ	何沥利
购啊 搂窍促..	何沥利
捞技倒 春胶鳖瘤 唱坷促聪... 倾..儒 滥せ	何沥利
捞芭力累磊丛 盔侨捞 福福顶牢芭鞍せせせせせ	何沥利
烤朝 胶鸥 e胶器明 富且 锭 胶鸥啊 公郊 胶器明衬绊 垮冈带 矫例捞尔 厚搅窃. 粱 瘤唱搁 捞巴档 窍唱狼 儒抚捞 登摆瘤  捞技倒 颇泼 	编沥利
屈 焊绊乐绢?!	何沥利
"""捞哩 春胶 鳖瘤 鸥绰 捞技倒 汽 固闷促""."	何沥利
矫措啊 柳楼 弧府 函窍绰备唱ˇ..	何沥利
"捞抚阑 化败滚赴 官迪扁荤 捞技倒..
硅快 辫沥篮 辫痹府"	编沥利
开窍匙	编沥利
欧酒~	何沥利
己屈狼 柯扼牢 魄捞瘤构 瓷仿篮 乐瘤父 鸥绊抄 寇屈锭巩俊 尝甫 惯魂 给窍绰 荤恩甸捞 啊惑狼 塞阑 呼妨 泅角苞 家烹窍绰扒单 炒海靛烙. 捞率 矫厘阑 急痢秦辑 虐况 唱哎荐 乐促搁 肚促弗 茄惫父狼 版里仿乐绰 荤诀捞 瞪磐..	编沥利
"胶宏胶春胶 捞技拌酒捞倒 牢磐轰 呈公 皑荤钦聪促!!
历档 芭何皑 乐菌绊 涝傣何沥扁 乐菌瘤父 搬惫 咯鸥 酒捞倒苞 促甫芭 绝绰 救俊乐绰 荤恩狼 概仿俊 缠府绊
畴贰俊 亮酒窍绊 牧刨明俊 凯堡窍绊 胶配府俊 皑悼沁嚼聪促 贸澜 焊矫绰 盒甸档 茄锅究 畴贰 甸绢林矫搁 沥富 皑荤窍摆嚼聪促 OVER 客 Superhero 畴贰 腹篮 包缴 何殴靛妨夸 捞技倒 拳捞泼!!! 欧酒~!"	何沥利
唱扼 噶沁畴...	何沥利
巢倒浚 敲饭捞宏啊 乐促搁 咯倒浚 捞技倒捞 乐促... 措技倒! 措技倒!	何沥利
"厩敲 崔酒好磊 迭洒 家侩绝绰霸 芭狼 例措利牢 蒋靛啊 乐澜
构 能辑飘俊 踌拳康惑阑 飘匙, 角仿捞 狼缴登匙, 俺10傣鞍匙 せせせせせせせせせせ
厩敲矾甸 瘩甸焊搁 角力 措扁诀俊辑 包府窍绰 楷抗牢, 酒捞倒阑 惑沥窍绊 鳖绊 乐澜 せせせ
辟单 捞芭 弊成 能刨明看绢~"	何沥利
捞颇府肺结 历 磊府俊 乐菌带 荤恩栏肺结 呈公唱 磊尔胶反促	何沥利
客 捞繁吧 焊绰 局甸捞乐匙せせ瞒扼府 楷抗牢捞 炒瘤 客操 饶崔妨辑 窍绰 蜡譬滚甫	何沥利
快客... 捞技倒阑 胶宏胶俊辑 焊促聪... 历档 柳楼 攫哩啊绰 角力 澜厩 规价俊  唱坷辨 扁措秦壕聪促 	何沥利
抄 恐!!!!! 捞技其 捞饶 捞颇府啊 登扒单!!!!!!!	何沥利
舅摆绰单 力惯 聪甸尝府 历扁 见绢辑 愁酒扼 恐 芭何皑 蠢尝绰 荤恩甸 惑措肺 磊操 焊扼绊 甸眠搁辑 荐搁困肺 棵扼坷衬	何沥利
捞技倒档 亮瘤父 荤恩甸篮 荤角 盖贸澜俊 唱柯 控 畴鄂 酒历揪甫 歹 亮酒钦聪促	编沥利
牢磐轰 哪腔磐 粱 窍唱 荤林扼 柳楼 せせせせ	何沥利
敲饭捞宏档 弊犯绊 角菩茄 酒捞倒俊霸 滚抿倔阑 烹秦 货肺款 扁雀啊 林况脸促绰霸 呈公 亮篮 巴 鞍促	何沥利
牢傍瘤瓷栏肺 措拳窍绊 畴贰甫 何福绰 临 舅疽绰单 牢傍瘤瓷捞 酒囱 啊荐 盒捞 流立 何福矫绰 芭焙夸.	何沥利
老夯 弊措肺 蝶扼啊绰备唱.. 牢备眠技档 版力档 巩拳档	何沥利
坷康琶.. 牢埃俊辑 脚捞 等 巢磊..  弊绰 脚捞 等 捞饶 捞技倒捞扼绰 玫荤甫 藕积矫淖促..	编沥利
欧局~	何沥利
课被屈篮 柳楼 21技扁狼 茄 裙阑 弊篮 困牢牢芭 鞍促	编沥利
救俊 荤恩捞 乐促备筷!	何沥利
客 捞扒...	何沥利
瘩臂焊聪鳖 购 磊操 货肺款 巩拳促 捞矾绰单 攫力何磐 滚抿倔 某腐磐啊 巩拳看衬せせせ	何沥利
"久傣 腊荐 酒凑聪促.
眶败辑 焊促啊 胶配府俊 狐瘤绊 某腐磐俊 狐廉辑
览盔窍绰扒单 蓖勘绊 眶遍聪促.
弊霸 吝夸茄芭烙 粮唱 眶辫 柳楼 厉甸 "	何沥利
苞芭 窍明匙固捻揪甫 焊哥 凯堡茄 老夯盒甸捞 捞力 捞秦啊啊绰芭俊夸	何沥利
历繁扒 粱 蝶肺 能辑飘 凯绢辑 秦扼 せせせ 剧瘤肺 缠绢 棵府瘤富绊	何沥利
"粮吝焊窜 区坷肺 摹何窍绰 巴捞 祈茄 矫措俊辑 塞电 辨捞摆瘤父..
柳缴栏肺 亮酒窍绰 巴俊 措秦辑 辑肺 览盔窍绊 粮吝沁栏搁 亮摆绢夸
捞技拌酒捞倒 颇捞泼!!!!! 捞颇府 颇捞泼!!!!!!!!?"	何沥利
"败快 滚譬滚 沥档 蝶困啊 酒聪促
捞扒 脚狼 滚譬滚促~!!!"	编沥利
哗狙变 澜瘤 せせ	编沥利
快课被.... 烤朝何磐 牢规魄俊辑 曼脚窍绊 裙扁利牢 酒捞叼绢肺 牧刨明甫 腹捞秦辑 辆辆 好菌绰单 操霖洒 氛繁窍搁辑 肋登绰 捞蜡啊 乐匙. 滚譬滚 弊缝阑 父甸绢辑 措己且 临 穿啊 舅疽阑鳖..	编沥利
购啊 郴啊 积阿窍绰 澜瘤技惑捞尔 肯傈 促弗 蠢肠捞匙夸. 编沥利牢 俊呈瘤啊 蠢哺柳促饿鳖? 拳捞泼	编沥利
快匡窍芭唱 浇敲 锭 捞技倒捞 腹篮 档框捞 登菌绢夸! 沥富 皑荤窍促绊 傈窍绊 酵匙夸. 菊栏肺档 铰铰厘备 官扼夸	何沥利
"傍吝颇俊辑 捞芭甫 促逢临阑 隔耳绰单
快府 捞技倒 葛滴 促剧茄 概仿档乐绊 畴贰档 肋窍绊 勉档肋眠绊 弊府绊 快府  荤厘丛捞尔 促弗 课鸥滚胶 干滚盒甸捞尔档 钦规档 窍绊 弊矾聪鳖 茄锅 狐瘤矫搁 庆绢唱坷瘤 给窍角芭俊夸 茄锅父 靛寂焊技夸
?"	何沥利
柳楼 捞技倒 汽 固闷促?	编沥利
巩拳面拜捞匙夸	编沥利
"惫煌 盲澄甸, 窍明匙固捻 能辑飘俊辑 家府瘤福绰 老夯荤恩甸 弊犯霸 垮窍歹聪. 捞哩 捞吧 构扼绊 且鳖?
巩拳绰 儒抚捞促. 措吝捞 亮酒茄促搁 捞蜡啊 乐绰 芭绊 弊吧 傍皑窍瘤 给窍搁 蜡青阑 父甸瘤档 急档窍瘤档 给茄促.
老馆利牢 厚魄篮 酒公繁 档框档 登瘤 臼绰促. 快府绰 亲惑 捞秦客 傍皑阑 困秦 蓖客 传阑 凯绊 付澜栏肺 罐酒甸老 霖厚甫 秦具 茄促.
弊霸 措吝巩拳扼绰 巴捞促."	何沥利
"贸澜浚 捞 啊荐绰 购单 烙康旷捞尔 厚厚瘤? 鄂 积阿捞菌绰单 积阿秦焊搁 埔固泼 哎老 绝绊 畴贰 困林肺 佃绰 唱鞍篮 棱傣 荐霖俊辑绰 烙康旷 规藕捞唱 捞技倒捞唱 喊 瞒捞 绝促绊 积阿捞 甸绢辑 脚扁秦辑 弥辟俊 腹捞 茫酒好匙夸
累荤累邦档 窍搁 歹且 唱困 绝摆瘤父 坷洒妨 茄疙茄疙捞 DJ 扳 PD唱 付蛮啊瘤牢 涝厘捞促焊聪 扁裙仿捞唱 柳青瓷仿篮 老馆 酒捞倒焊促 唱篮 痢档 犬角洒 乐绢夸"	何沥利
"捞技拌 酒捞倒 荤尔秦 !! 攫力唱 览盔窍绊 , 攫力唱 亮篮 老父 啊垫窍角芭绊 , 菊栏肺 葛氰阑 览盔窍摆嚼聪促."	何沥利
货惑捞 固媚 倒酒啊绊 乐促 ぇぇ;;;;;	何沥利
埔苞 角矫埃 家烹阑 茄促绰霸 奴 碍痢捞瘤...	何沥利
钢窍绊酵篮扒瘤绰 舅摆绰单  敲阀汽  诀弊饭捞靛尔 措吝拳啊登具  皋捞廉肺棵扼哎淀.	何沥利
"2:01 せせせせせせせせせせせせせせせせせせせせせせせせせせせせせせせせせせせせせせせせせせせせせせせせせせせせせせせ

且富窍臼."	何沥利
弊贰档 畴贰 肋 何福搁 穿备唱 酒捞倒 且 荐 乐促绰霸 奴 厘痢老淀 倔奔 锭巩俊 畴贰 肋窍绊 勉 肋 眠绰单 酒捞倒 给 窍绰 荤恩档 荐滴疯牢单 捞繁 荤恩甸俊霸绰 滚抿倔 酒捞倒捞 锐噶苞 厕捞 瞪 荐 乐阑 巴 鞍澜	何沥利
其胶萍国 场唱绊档 静饭扁鳖瘤 促 贸府窍绰 埔待.. 柳楼 酒抚促款 堡版捞嚼聪促.	何沥利
副颇丛 ばば 给促茄 厕阑 捞风绊 肋 登寂辑 促青捞俊夸. 凯缴洒 窍绰 弊措甸 青汗窍技夸~	编沥利
"30措 吝馆牢 历档 贸澜浚 捞繁芭 恐焊唱... 沁菌绰单, 弊订 捞繁 滚眠倔 酒捞倒狼 俺充炼瞒 磊技洒 隔耳菌带 锭 看嚼聪促. 
概锅 茄锅究 传俊 堕锭付促 公矫沁菌绰单, 积扁逞摹绰 捞技倒狼 葛嚼俊 龋扁缴栏肺 孤厚客 捞技倒捞 殿厘窍绰 咯矾 悼康惑阑 焊促焊聪 捞技倒狼 胶配府甫 舅霸登菌绊 绢蠢技 历档 埔捞登绢乐绊 览盔阑 窍绊 乐歹扼备夸. 
苞芭浚 历档 舅樊茄 啊摹包阑 啊瘤绊辑 把栏沸 促剧己 粮吝茄促 富窍帮 付澜加栏肺 捞繁 傣龙阑 窍绰荤恩阑 撤棱酒 好菌绰单, 腹捞 馆己窍霸 登绊 促弗 荤恩甸狼 促剧己阑 沥富肺 粮吝窍霸 登菌嚼聪促."	何沥利
屈 せせせ 泵嫡捞 嫡角嫡角 芭府搁辑 家俺窍绰芭 恐纳 眶扁衬 せせせ	编沥利
滚抿倔捞 技惑阑 瘤硅茄促	编沥利
积阿焊促 畴贰啊 亮酒辑 愁恩	何沥利
抗傈俊 焊拿肺捞靛 窍明匙 固捻 能辑飘 焊绰 老夯牢甸 捞秦啊 救 埃促绰 惫刮甸 绢叼艾衬;;;	何沥利
畴贰啊 亮篮巴档 肋何福绰巴档 酒囱单 湍 牢扁啊 腹澜?	何沥利
辟单 捞技倒篮 粱 抗寇牢霸...快课被 课鸥滚胶鄂 辑荤啊 乐绢辑 粱 搬捞 促福变 窃.  锭巩俊 娟匙 富绊绰 弊蹿 促弗 滚眠倔 篮 弊蹿 包缴捞 绝澜.	何沥利
捞锅扁雀肺 牢侥捞 腹捞 官布阑芭扼 瓜绰促 唱狼磊尔胶繁 酒捞倒	编沥利
胶配府绰 捞技倒捞促...	何沥利
"穿奔 亮酒窍绰扒 磊蜡聪瘪 粮吝篮窃 辟措 抄 酒流 公郊概仿栏肺 亮酒窍绰扒瘤 ...  
葛福摆促"	编沥利
捞技倒 荤尔秦 屈 荤尔秦	何沥利
せせせせせせせせせせ	何沥利
捞技拌酒捞倒 拳捞泼!! 菊栏肺档 埔甸苞 窃膊 歹 腹篮巴甸阑 捞凤唱啊夸!	何沥利
凯堡窍绰埔甸 窍歹聪 滴疙父 弃娄弃娄顿绊 炼酒窍备刚せぁせせ  苞措器厘	编沥利
捞技倒 呈公 磊尔胶反促	编沥利
sbs 澜规啊令酒	何沥利
炼氛篮 绢驴荐 绝绢 昆坯阑 亮酒窍绰 荤恩甸档 昆坯阑 氓栏肺 甸绊促聪搁 久傣贸烦 焊捞垒酒 厩开篮...捞力 劳槛窍聪鳖...	编沥利
端哪	何沥利
其固甸 瞒非 捞巴父怒篮 垮秦档 牢沥窍摆促	编沥利
捞霸 春胶俊 唱坷钉护护护	编沥利
"贾流洒 抗傈俊绰 局聪,父拳焊绰荤恩档 坷鸥捻扼绊 垮窍绊 老夯,蜡反,固惫俊 滚抿倔捞扼绰 巩拳啊 乐促绰扒 舅疽绰单 弊 滚抿倔档 坷鸥捻扼绊 垮沁菌烈...
辟单 力啊 羔沸鞍篮敲阀汽俊辑 乞家俊 畴贰甫 弊成 啪归 傈眉犁积窍绰单 儡儡窍搁辑 亮篮 惯扼靛啊 唱坷辨贰 茫酒焊聪 捞盒甸捞歹扼备夸 贸澜俊绰 巩拳面拜捞菌绊 弊 促澜俊绰 畴贰父 佃促啊 泵陛秦辑 规价阑 焊聪鳖 犁拐歹扼备夸 牧刨明档 脚急窍绊 促剧茄吧 窍绊乐歹扼备夸 弊贰辑 夸硫篮 炼侩洒 犁拐霸焊绊乐嚼聪促"	何沥利
康盔茄 快府 捞颇府甸狼 捞技霸酒捞倒 沥富 荤尔秦つつつつつつつつつつつつつつつつつつつつつつつつつつつつつつつつつつつつつつつつつつつつつつつつつ	编沥利
磊尔胶反促 捞技倒...	何沥利
欧酒~!!!!!!!!!!!	何沥利
辫厘绕屈 抗傈 酒掂能辑飘 鞍篮芭 窍带 岿努捞 绢录促...	编沥利
ぱぱ	何沥利
"厚规捞 酒囱 鉴荐 泵陛秦辑 弊繁单 历甸捞 角力肺 焊捞绰 巴档 酒囱单 被捞 钎鳖瘤 荤辑 哎 鞘夸啊 乐唱夸?
迄栏肺 焊唱 历扁辑 傈堡魄栏肺 焊唱 笛促 度鞍篮 巴 鞍篮单"	何沥利
滚抿倔捞唱 捞技倒阑 饺绢窍绰扒 惑包捞绝瘤父 瘤啊饺促绊 捞技倒捞唱 弊 埔甸阑 鳖绰扒 措啊府 巩力乐绰 厘局牢酒丛?	编沥利
捞嘉霸酒捞倒	何沥利
具寇 其胶萍国俊 春胶鳖瘤 夺 捞技倒 汽 固闷蝶! 欧酒!!	何沥利
贾洒 AI某 捞技倒焊促 AI甫 捞败夯 捞技倒捞 炒瘤 せせせせ	编沥利
圈肺扼捞宏客 聪瘤魂瘤 颇蠢扼 惫郴 滚譬滚甸鳖瘤 览盔且 咯蜡绰 绝瘤父 惫郴俊档 捞技倒鞍篮 啊惑 酒捞倒捞 乐促绰霸 脚扁窍匙夸. 劝悼 览盔钦聪促.	编沥利
せせせせせ	编沥利
募	编沥利
客 柳楼 ざ傣	何沥利
客 快府 捞技倒 呈公 磊尔胶反嚼聪促!!! 康盔窍磊!! ?	何沥利
具....唱鞍篮 酒犁绰 酒流 粱 葛福摆促. 构 快府锭扼绊 酒淬 鞍篮 荤捞滚(?) 啊荐啊 乐变 沁促父 给罐酒甸看绰单 捞扒 肚 购绊. 弊贰档 脚扁窍匙.	何沥利
脚玫瘤 10父 荐丰雀 焊绰芭鞍匙せせせせ	编沥利
"促甸 官迪 亮酒茄促聪ぞぞ
焊扁亮匙夸^^"	何沥利
"矫措绰 狐福霸 函钦聪促
唱捞甫 冈栏搁 祸救版阑 哈绰 巴捞 奖瘤 臼烈;;"	何沥利
弊成 促甸 弊犯备唱 窍绊甸 逞绢啊瘤.. 粱 览盔窍绰荤恩甸篮 览盔窍扼窍绊 捞繁霸 乐备唱 喊肺促 窍绊 焊绊啊带啊 恐 垮甸阑 窍绊 辑肺甸 焊扁 救 亮霸 轿快衬	编沥利
郴啊 飘风刚捞坷	何沥利
劝娄 凯妨滚赴 滚芭狼 巩窜加せせせせせせせせ募 亮促..ぞぞ	何沥利
客操Oˇ 快府 绢叼鳖瘤啊绰芭具ˇ	何沥利
"亲惑蠢尝瘤父 扁磊盒甸捞 林福福丛阑 曼亮酒窍矫绰淀 せせ
傍吝颇 皋牢篮 概锅 林福福啊 せせせ"	编沥利
?	何沥利
柳楼 胶宏胶 汽 固闷促 100父 啊具摆促 捞扒 柳楼	编沥利
"亲惑 己厘秦唱啊绰 捞技拌酒捞倒!! 攫力唱 埔盒甸苞 犁拐霸 愁绊 锭肺绰 皑悼利牢 葛刚飘档 焊咯林矫搁辑 鞍捞 家烹秦啊哥 榴疤霸 瘤尘 荐 乐促绰霸 沥富 奴 概仿牢 巴 鞍酒夸!
捞犯霸 牢磐轰鳖瘤 窍矫绰吧 焊聪 逞 谎淀窍绊 皑悼利涝聪促 ばば 牢磐轰秦林脚 胶宏胶 包拌磊盒甸 皑荤钦聪促!!
贸澜 毫林矫绰 盒甸档 捞悔霸 毫林矫搁 亮摆匙夸!! 沥富 岗瘤绊 磊尔胶矾款 捞颇府甸狼 酒捞倒涝聪促!!!"	编沥利
窍 呈公 蓖勘促 康琶酒	编沥利
课被屈 措窜秦夸	编沥利
"贸澜 矫累沁阑 订 酒公档 酒捞倒苞 埔狼 包拌甫 积阿窍瘤 臼绊 弊历 30措 牢磐齿规价牢  ⒀ 胶飘府赣狼 累篮 能刨明肺 矫累沁嚼聪促. 矫没磊甸 吝 坷叼记阑 毫辑 畴贰窍绊 勉眠霸 窍摆促. 矫没磊甸苞 畴绰 吧 亮酒窍绊 盔劝窍霸 家烹沁带 胶飘府赣狼 乞家 规价俊辑 弊犯霸 漂捞痢捞扼绊 积阿且 父茄 能刨明绰 酒聪菌扁俊 葛滴啊 弊历 犁固肺 矫没阑 矫累沁促绊 积阿钦聪促. 穿备唱 券康沁带 扒 酒聪菌绊 某腐磐俊 措茄 芭何皑 殿栏肺 滚芭况 窍绰 荤恩甸捞 腹疽绊 瘤陛档 利瘤 臼促绊 壕聪促. 窍瘤父 弊 累绊 固固茄 捞技拌酒捞倒 ⒀ 捞技倒狼 矫累何磐 操霖茄 畴仿苞 己厘阑 芭奠窍绰 苞沥阑 窃膊 瘤难夯 荤恩甸俊霸 乐绢 捞技倒篮 胶飘府赣捞磊 酒捞倒捞 登菌绊 弊甸阑 焊哥 矫没磊甸篮 磊楷胶饭 埔甸捞 登菌绊 老何绰 郴肺扼且父茄 3D, 澜厩, 康惑 牢犁甸肺 己厘沁嚼聪促. 捞巴捞 弊历 酒捞倒, 埔, 久傣, 辑宏拿媚巩拳甫 逞绢 剧螟捞 辑肺 惯傈且 荐 乐绰 酒林 亮篮 急鉴券捞 登菌促绊 积阿钦聪促. 菊栏肺狼 青焊啊 腹捞 扁措登瘤 臼阑 荐 绝绰 捞技倒 弊府绊 康琶捞屈 荤尔秦"	编沥利
技惑捞 	编沥利
"己快 粱 借栏搁 茄促. 窍明匙固捻绰 格家府尔 某腐磐啊 嘎绰单,
茄惫 宏捞譬滚绰 格家府尔 某腐磐 荤捞俊 鲍府皑捞 蠢哺柳促."	编沥利
"胶宏胶春胶俊辑 捞技拌酒捞倒阑 牢磐轰秦林寂辑 呈公 皑荤窍绊 肋 好嚼聪促...!
贸澜 焊绰 葛嚼俊 芭何皑阑 蠢尝角 盒档 面盒洒 乐栏矫摆瘤父, 茄锅 捞技倒 畴贰 甸绢毫林矫绊 酒 捞繁 酒捞倒档 乐备唱 窍绊 亮霸 毫 林脚促搁 皑荤且芭 鞍酒夸.(涝傣窍搁 歹 亮绊夸!)
滚芭丛 富贸烦 攫哩啊 捞技倒捞 澜规 公措俊 辑绰 朝捞 棵 荐 乐菌栏搁 亮摆嚼聪促!"	编沥利
决..	编沥利
促矫 积阿秦档ˇ せせせせ 饭傈靛促	编沥利
"贸澜浚 付成 波妨瘤绊 捞霸 构瘤 酵菌带 滚抿倔酒捞倒捞菌绰单ˇ 绢蠢货 弊繁 祈斑篮 荤扼瘤绊 林绢柳 巴阑 凯缴洒 窍绊, 谗烙绝捞 牧刨明甫 父甸绢郴哥 畴仿窍绰 岗柳 葛嚼阑 焊绊 措窜窍促绊 积阿窍绊 乐嚼聪促! 捞技拌酒捞倒 拳捞泼!"	编沥利
捞霸 构具 さげ	何沥利
固捻 能辑飘 垮窍歹父 搬惫 弊吧 蝶扼啊匙 せせ	何沥利
捞具 坷叼记锭何磐 拌加 好绰单 捞沥档肺 目龙临篮 惑惑档 给沁促.捞技倒 菊栏肺档 康盔窍磊	何沥利
聪甸捞 开窍促秦档 搬惫 荐夸啊 乐栏聪鳖 窍绰芭促.	何沥利
捞颇府盒甸 酒固啊 览盔钦聪促 	何沥利
柳楼 快府 酒捞倒捞 捞犯霸 己厘窍促聪ばば 逞 磊尔胶反促ばば捞技倒 拳捞泼!???	何沥利
埔摹甸 せせせせ	编沥利
"捞技拌酒捞倒篮 钢萍滚胶狼 啊瓷己阑 焊咯林绰 官恩流茄 荤肥扼绊 积阿钦聪促. 亲惑 亮篮 开樊栏肺 岗柳 能刨明, 澜厩阑 焊咯林绢辑 埔栏肺辑 呈公 青汗秦夸 ^^ 捞技倒 拳捞泼 !!!"	编沥利
柳楼 开荤俊 辨捞 巢阑 酒捞倒	编沥利
快宽ˇ	何沥利
捞技倒阑 扁裙茄 课被篮 柳楼..脚捞具..せせ	何沥利
荐劳篮 快课甭捞 促甸绊啊绰扒啊夸? せせせ	何沥利
捞技倒阑 舅绊 客操O阑 舅霸登辑  窍风窍风 扁慧唱朝涝聪促 	何沥利
"垮阑 且 鞘夸啊 乐唱?
历盒甸档 角仿颇绊 埔甸档 腹酒辑 咯矾盒甸俊霸 鳖老 沥档绰 酒聪扼绊 积阿窍绰单 规备籍俊辑 厩敲崔绊 弊矾绰 呈锐甸窍绊绰 厚背 且 荐啊 绝瘤"	编沥利
"焙牢捞扼 捞锅 傍楷 给艾嚼聪促ˇ促澜俊 邦甸阑 歹 父甸绊, 歹宽歹 蜡疙秦廉辑 怖! 捞技倒 窜能 凯绢林矫扁 官而聪促..! 弊订 公郊老捞 乐绢档 曼咯窍摆嚼聪促 荤尔钦聪促 捞技倒?"	编沥利
捞技倒! 捞技倒! 捞技倒! せせせ	何沥利
"快府酒捞倒捞 捞力 春胶俊鳖瘤 唱坷促聪
柳楼 腹捞 己厘沁促"	何沥利
"捞矾茄甸 绢栋窍府 
历矾茄甸 绢栋窍府 
滚譬滚 蜡譬滚啊
爵绢柳甸 绢栋窍府"	编沥利
捞技倒? 贸澜 甸绢焊绰单 曼 脚扁茄 弊缝捞匙夸...恐牢瘤 荤厘丛捞 肋积板绊 内啊 农绊 绢柄啊 怕乞剧父茄盒老波 鞍匙夸ぞぞ 捞技倒 览盔钦聪促 欧酒!	何沥利
"抄 皋鸥滚胶 历芭 惑包绝促绊 积阿窃 穿焙啊俊霸 乔秦甫 救林聪 窜, 历霸 海面 其固 厚扒 墓妇 傈厘楷 傈背炼 刮畴醚 nl荤雀窜眉 春扼捞飘殿殿 荤雀利栏肺 乔秦甫 林搁 饺绢且波烙"	何沥利
酒淬 寸脚篮 壳疽绢.. 呈公 老嘛 吭阑 挥	何沥利
客 捞技倒捞 春胶俊陡せせせせせせせせ	何沥利
滚抿倔篮 笼俊辑 且刨单 埔甸篮 弊芭焊矾 啊绊 脚扁窍匙せせ	何沥利
"悼怕传彬 酒弊贰夸, 付距, 切气, 酒捞倒阑 窍绰 扒瘤 楷局甫 萍郴妨绊 酒捞倒 窍绰 扒瘤 窍绰 楷亢焊促 历 荤恩甸捞 歹 炒促."	何沥利
靛釜靛釜 倾滚倾滚  焙利陛阑  剧瘤肺??	何沥利
"捞 葛电巴捞 奴弊覆俊辑 矫累茄霸 酒聪扼 窜惯己 能刨明俊辑 矫累秦辑 快课被狼 扁裙仿苞 捞技倒甸狼 畴仿, 陛颊埔甸狼 固模某府甸捞 葛咯辑 炼陛究 炼陛究 目瘤促啊 春胶俊辑 牢磐轰档 窍绰霸 脚扁窍促 せせせせせせ"	何沥利
捞霸 春荐鳖瘤 夺促绊!?!?! 措官官官官たげ官官官た官たたたぉ	何沥利
够 亮酒窍电 磊蜡瘤父 巨埃窍搁 捞繁扒 荐搁困肺 啊廉坷瘤 付扼せせせ	何沥利
历繁芭 恐窍变 捣捞登聪鳖 窍瘤せせせ 岿 撅究 滚聪鳖 海舅裁赴仇甸捞 腹匙	何沥利
酒聪 规价惫仇甸 PD 哪腔磐 己瓷 角拳衬	何沥利
"客.. 贸澜焊绰单 蜡譬宏俊辑 矫累秦辑 历繁镑鳖瘤 艾促绰霸 措窜窍匙 ぇ,,"	编沥利
捞技倒 颇捞泼 !	何沥利
窍明匙 固捻 3D 傍楷厘 垮窍歹聪 度鞍酒 脸畴 ば	编沥利
捞技倒 柳楼 岿努灯匙	何沥利
捞扒 粱...	何沥利
老夯 弊措肺 蝶扼啊绰备唱... 技惑捞 富技促...	何沥利
"磊粮皑阑 棵府绰 浆款 规过: 巢狼 搬窃茫扁
磊粮皑阑 棵府绰 绢妨款 规过: 郴 搬窃 皋操扁"	何沥利
临辑绰 何盒捞唱 款康俊 阂祈窃档 乐菌瘤父 弥局甫 杭 荐 乐菌栏聪 灯烈	何沥利
促矫焊聪 捞技倒捞呈公 磊尔胶反匙夸^^!	编沥利
"2斥傈 滚抿倔 酒捞倒 腊己 备惑阑 且 寸矫俊 课荤厘捞 沁带 富 : ""坷洒妨 滚抿倔 酒捞倒篮 角力 酒捞倒苞 崔府 埔甸窍绊 家烹窍绰单俊绰 茄拌啊 绝促.  酒捞倒捞 啊阐 埔辑厚胶 窍扁绰 窍瘤. 轻瘤父 父唱绊 酵阑锭 奖霸 父唱绊 流立 家烹且荐 乐绰霸 滚抿倔 酒捞倒狼 厘痢捞促."""	何沥利
流立 VR锚鳖瘤 坷寂辑 牢磐轰秦林纪辑 皑荤钦聪促. 捞繁 朝捞 坷促聪 厕父 鞍促	何沥利
ぉし肺 瞒盔阑 逞菌促≠	编沥利
欧局~~~~	编沥利
客 快府 捞技倒捞 唱吭匙 募ちち	编沥利
"腹篮 荤恩甸捞 坷秦窍绰 何盒 沥府

Q. 捞繁 单捞磐 律啊府甫 恐 狐绰芭具?
A. 齐荐贸烦 '牢屈呕 静绊 劝悼窍绰 蜡譬滚'扼绊 积阿窍矫搁 捞秦啊 粱 登角疤聪促. 齐荐 牢屈呕篮 穿备唱 镜 荐 乐绰芭瘤父, 救俊 荤恩阑 官操搁 齐荐蜡譬宏档 犁固绝绢龙芭绊 ""郴啊 舅带 弊 齐荐""狼 葛嚼捞 荤扼瘤摆烈?"	何沥利
"VR 纳腐磐扼绰芭俊 酒流鳖柳 柳涝厘寒捞 粱 乐烈 林困 矫急甸档 蚌瘤父篮 臼备夸 
弊贰档 割斥傈俊 厚窍搁 厚距利栏肺 牢侥甸捞 俺急登菌匙夸"	何沥利
辟单 历芭 弊成 悼康惑栏肺 撇绢出档 葛甫芭酒衬	何沥利
老夯阑 20斥 捞惑 厕阑 操瘤 臼绰 惫啊肺 父甸绢辑 噶啊哆啡绰单 捞力 茄惫 瞒肥匙. 窍明匙固捻俊 凯堡窍绰 老夯阑 茄缴茄 传檬府肺 官扼焊带 茄惫牢甸捞 捞力 夯牢甸捞 弊 惑炔俊 媚沁绰单 酒公繁 历亲档 窍瘤 臼绊 罐酒靛府绊 乐促绰 ぇぇ	编沥利
捞技拌 酒捞倒捞扼绰 酒捞倒阑 捞锅 春胶甫 烹秦 货酚霸 舅霸登菌匙夸 矫措啊 狐福霸 官差绰 父怒 快府狼 牢侥 肚茄 官差绢具窍绊 捞技拌 酒捞倒狼 岗柳 固贰甫 览盔窍摆嚼聪促 欧酒!	编沥利
弊历... 欧酒	何沥利
屈 快府 澜瘤酒聪具	何沥利
快府绰 快课被狼 矫措甫 混绊 乐促...捞技拌 酒捞倒 拳捞泼!!!!	何沥利
煌捞 瞒坷福促给秦 逞模促!!!!	编沥利
柳楼 奖瘤 臼促	何沥利
"柳楼 固闷促たたたた""酒捞倒篮 胶配府促""柳楼 付匙磊 疙攫 楷傈楷铰 せせせせせせせ"	编沥利
措茄刮惫篮 噶沁促	何沥利
"倔付唱 磊粮皑捞 俺冠混捞 车栏搁 巢 亮酒窍绰 吧 垮窍搁辑 快岿皑 蠢尝绊 弊烦? 柳缴 菩靛赋篮 救窍绰 祈牢单, 捞繁 局甸篮 ぉし 何葛丛 茄抛 构 硅快绊 混疽绰瘤 泵陛窃"	何沥利
澜厩 橇肺弊伐俊绰 救唱坷搁 亮摆促	编沥利
捞技倒 拳捞泼 快课被 荤尔秦	何沥利
亮篮哪腔磐静技夸.	编沥利
捞技倒 颇捞泼	编沥利
"客 贸澜焊绰单 柳楼 脚扁窍匙夸
阿磊 概仿档 逞媚 焊捞绊 窍唱狼 评栏肺档 荤尔胶反匙夸
荤厘丛捞扼绊 唱坷脚 盒档 蓖咯快矫匙夸ぞぞ
捞技拌酒捞倒 隆滚芭丛俊 格钎措肺 积规价 澜厩 橇肺弊伐俊辑 怖 父车栏搁 亮摆匙夸 欧酒!"	编沥利
"捞繁 货肺款 档傈... 呈公 亮促. 

唱档 焊促啊 档吝俊 弊父滴变 沁瘤父, 概仿捞 绝绢辑 弊繁 扒 酒聪菌绢. 坷洒妨 呈公 犁拐绢辑 老惑积劝俊 瘤厘捞 哎 沥档看栏聪鳖.. 给夯芭瘤."	编沥利
"2父, 角矫埃 矫没磊 6父 せせ"	何沥利
"贾流洒 捞秦绰 肋 救啊瘤父, 秒氢篮 粮吝罐酒具登聪鳖咯"	何沥利
埔待捞 蚕唱 农绊 窜窜茄啊焊匙.. ぇ	何沥利
呈公 何沥利牢 矫阿栏肺 毫林矫瘤 付矫绊 窍唱狼 酒捞倒捞磊 巩拳肺 粮吝秦林继澜 窍匙夸 荤尔钦聪促 捞技拌酒捞倒	何沥利
"荤角 酒流档 弊甸狼 概仿篮 肋 葛福摆瘤父 磊扁甸捞 亮促绰单 垮且 积阿篮 绝澜.
 磊扁啊 救 亮酒窍绰吧 亮酒茄促绊 垮窍绰 荤恩甸捞 腹酒辑 浇敲 蝶抚烙"	编沥利
酒 哩厘 肚 快课被捞具	何沥利
厚绞傣甸 绢龙绢龙窍烈雷??? 轿倒酒促聪瘤富绊 笼备籍俊辑 局聪档 粱 焊绊 秦扼	何沥利
滚抿倔 酒捞倒篮 贸澜 甸绢焊绰单 历 绊技备丛捞扼绰 盒 格家府啊 沥富 葛矫菠 窍焙夸	何沥利
贾流洒 磊扁 饺绢窍绰芭 亮酒茄促绊 垮 窍绰芭尔 捞颇府而矫绊 蒋靛摹绰 荤恩甸 芭扁辑 芭扁烙 弊成 阿磊狼 秒氢阑 粮吝窍哥 混疽栏搁 亮摆澜	何沥利
快课被 辑器飘 窍绰芭 粮唱 摹牢促.. 摹咯...	编沥利
祈笼磊 林气档 犬≠牢	编沥利
郴啊 呈公 坷贰 混疽唱	何沥利
夸硫 畴贰 给 何福绰 酒捞倒狼 扁碍阑 棱扁困秦 捞技拌 酒捞倒捞 唱鸥车促.	何沥利
捞扒 公矫且霸 给等促. 臂肺国俊辑档 矫厘捞 痢痢 目瘤绰 惑炔俊辑 惫郴俊急 快课被 捞技倒捞 蜡老窍霸 臂肺国俊辑 版里仿 乐瘤 臼阑鳖 窃. 捞扒 扁贱仿捞 惯傈 且荐废 捣捞 决没唱霸 瞪 淀	何沥利
荤角惑 羔肺噶胶啊 啊厘 蜡疙窍变茄单 羔肺噶胶 娟变 救唱坷匙	编沥利
"促.. 亮篮单..
唱吝俊 坷鸥霸 鞍篮.. 磊扁 败靛尔捞 巩瘤福绰 悼累父 救茄促搁.. 荐侩 啊瓷且淀..
捞技拌酒捞倒捞 捌沥牢霸 酒聪扼.. 埔甸捞 坷鸥捻啊 登绰霸 茄鉴埃捞扼.."	何沥利
官迪扁荤 捞技倒丛 磊扁 捞抚 坷堪蹬辑 惑寸洒 糊摹矫摆匙 匙捞滚唱 备臂俊 八祸且 锭档 捞谍芭 じい 唱棵刨单	编沥利
"巩拳绰 粮吝窍瘤父 酒流 能辑飘绰 糊技焊捞歹扼. 扼捞宏绰 救蹬辑 踌拳康惑 飘绰 荐霖捞绊 傍楷 公措狼 厘痢阑 傈囚 劝侩且 荐 绝绰 拳搁 加 某腐磐狼 茄拌, 弊犯促焊聪 能辑飘狼 啊厘 吝夸茄 何盒牢 酒萍胶飘客 埔甸埃狼 家烹捞 辈厘洒 绢妨框. 荤角惑 绝促绊 毫档 公规.. 扁贱捞 惯傈秦辑 圈肺弊伐苞 AR 扁贱 殿捞 歹秦廉 秦寸 傍楷厘俊 角力 粮犁窍绰 巴贸烦 傍楷且 荐 乐促搁 面盒洒 杭父茄 公措啊 瞪 芭 鞍澜. 澜厩篮 唱抚 宝满酒焊咯辑"	何沥利
措茄刮惫狼 固贰绰 档措眉 绢叼肺 汝矾啊绰啊...	何沥利
课被丛 焊绊拌矫唱夸 澜规..怒怒..鸟	编沥利
"促 力媚滴绊 泵陛茄霸 捞技倒 荤莫栏肺 绢弊肺 弧绊 栋初绊急 捞力客辑 捞技倒 官迪扁荤 楷惑窍瘤 富扼绊 窍绰扒 措眉 购 缴焊烙???
捞技倒篮 娟匙甸 杭锭付促 扁盒 じい歹矾匡淀 せせ
促弗扒 惑包绝绰单 捞抚 荤莫秦辑 蜡疙技 祈铰 畴赴霸 呈公 环秦辑 厚龋皑烙"	编沥利
捞秦秦林柳 给窍瘤父 粮吝窃	何沥利
哪腔磐粱 亮篮芭 静瘤.... 滚棍措绰芭 焊家	编沥利
捞技倒 磊尔胶反促..!	何沥利
2:30 眶曼磐撼 せせせせせせせせせせせせせせせせせせせせ捞芭 购单	何沥利
"瘩臂馆览焊搁 快府唱扼绰 辑宏拿媚肺 躲老篮 例措绝摆备唱 酵匙

牢侥捞 何沥利牢单 绢痘霸 歹唱酒啊摆衬"	何沥利
"俊绒 技惑捞 绢纳 倒酒啊绰瘤
历繁巴甸档 酒捞倒捞扼绊 摹促聪
橇肺弊伐 窍唱肺 酒捞倒 促 登匙
俊绒"	编沥利
SeeU具 焊绊乐瘤..?	何沥利
犁侩捞屈!!  捞力 圈肺弊贰侨 叼胶敲饭捞父 俺惯窍搁蹬 力惯!!	编沥利
乞闭唱捞 30措 酒囱啊 せせ	编沥利
绢瘤反匙	何沥利
俺牢利牢 家噶 愁配俊 捞技倒 唱吭栏搁..kda档 唱吭绰单 捞技倒档 啊瓷窍瘤 臼栏访瘤!!!	何沥利
给积变 咯林 静绰 pc霸烙捞唱  牢绢傍陵啊 癌磊扁 鳖概瘤绰 康拳 唱坷绰矫措牢单  捞沥档搁 乞?裹窍瘤	编沥利
捞繁吧 亮酒窍绰霸 捞秦啊 救登匙...	编沥利
课被屈 剧汗捞扼聪 せせ	编沥利
"贸澜俊 捞技倒捞扼绰 能刨明啊 积扁绊 好阑 订 柳楼 亲付仿 叠妨辑 给好菌绰单 捞饶 捞技倒 弊缝捞 芒汲登绊 糕滚甸狼 钦拜饶 馆览阑 焊绊唱辑 阶咯乐绰 柳涝厘寒捞 荤福福 踌酒滚府歹扼备夸.

柳楼 弊芭 焊绊 官肺 涝傣登绊 瘤陛鳖瘤 柳楼 凯缴洒 崔府绊 乐嚼聪促. 攫哩啊绰 沥痹 举裹捞 唱坷辨 绊措窍绊 乐摆嚼聪促!!"	何沥利
"褥 购柳 葛福摆瘤父 葛矫菠捞窍匙...
窍窍窍 挎籍甸 欧酒"	编沥利
澜	何沥利
滚眠倔 酒捞倒捞 牢扁捞蜡绰 规价俊 乐促 积阿窃 葛福绰 荤恩茄怕绰 2D某腐磐摆瘤父 概锅 规价焊绰 荤恩甸篮 飘困摹 蜡譬滚啊 霸烙档窍绊 配农档 窍促啊 能辑飘档 凯绢淋 啊绊酵绢龙荐观俊 楷抗牢窍绊绰 模剐皑捞 促抚	编沥利
搁力颇萍 ぇぇぇ	何沥利
绢叼鳖瘤 郴促夯芭衬 快课被..	何沥利
"???: 娟甸酒....绢...芭扁鳖瘤 窍绊 矫付捞 秦 娟甸酒..... 绢楼乔 快赴 快府 哎 辨 啊具瘤....瘤唱啊促 唱沟啊瘤, 唱沟啊瘤 窍唱 吧赴促绊 绢? 芭扁俊 概咯乐阑波具? 酒聪垒酒...绢 弊烦 芭矫扁 秦 娟甸酒, 舅瘤?  览~"	何沥利
倔奔捞 叠府聪鳖 滚抿倔 窍绰芭 酒聪畴 せせ	编沥利
坷鸥捻鞍篮芭烙?	编沥利
捞哩 唱档 葛福摆促.	何沥利
"葛滴啊 览盔窍绰 弊朝鳖瘤...
捞技倒 拳捞泼!!!!?"	何沥利
捞犯霸 历锐 酒捞倒甸阑 亮酒秦林矫绊 牢磐轰鳖瘤 秦林寂辑 呈公 皑荤钦聪促 ばぬ 胶宏胶 拳捞泼 捞技倒 拳捞泼!!	何沥利
"磊! 捞秦 给 窍矫绰 盒甸! 沥惑涝聪促! 碍夸窍柳 臼酒夸!
历 贸烦 捞技倒 亮酒窍矫绰 盒甸档 沥惑捞绊夸!

弊繁单 夯牢 付澜俊 救 电促绊 公瘤己 鳖郴府扁 窍绰 荤恩! 厚沥惑涝聪促! "	编沥利
辟单 埔甸 单哼锭绰 任纠 歹 缴茄 厩敲 矫崔妨辑 捞力 厩敲俊 鸥拜绝绰 芭 眶辫 せせせ 弊锭绰 促甸 利览 给秦辑 瘩臂俊 柯爱 垮捞 盖朝 棵扼吭绰单... 捞力 2斥 逞霸 劝悼秦辑 堆非茄 己苞尔 目府绢档 积扁绊 牧刨明档 剧瘤拳登聪鳖 厩敲 荐困档 傲 捞霸 构衬 捞惑窍促 捞沥档观俊 绝绢辑 酒公犯瘤 臼澜	编沥利
募... 捞芭具	编沥利
厚抄窍绰 臂甸篮 公矫窍绊 凯缴洒 傣龙钦矫促! 弊繁 局甸篮 包缴 临 鞘夸绝绢夸 捞技倒 拳捞泼	何沥利
"被捞 富窍磊搁 历 绢祸茄 静府叼 魄都扁啊 皋牢捞 酒聪绊 胶飘府赣甫 亮酒窍绰芭烈. 郴啊 亮酒窍绰 弊 胶飘府赣啊 畴贰档 郴绊, 绢祸窍瘤父 能辑飘档 凯绢辑 埔甸苞 鞍篮 矫埃阑 傍蜡茄促绰 荤角 磊眉啊 亮篮疤聪促. "	编沥利
捞扒 粱ˇ.	何沥利
捞秦救瞪 荐 乐绊 积家且 荐 乐绰单 被捞 垮阑 秦具窍唱ˇ.?夯牢甸 秒氢捞尔 救嘎促绊 老窜 公瘤己栏肺 垮何磐 静绰 扒 粱 积阿绝绢 焊捞匙ˇ..せせ弥家茄狼 粮吝篮 鞘夸秦焊烙	何沥利
快宽.. 捞芭焊聪 烤朝 老夯俊 3d 固捻? 康惑 焊搁辑 厚眶菌带芭 积阿巢 秒氢 粮..吝	编沥利
决	编沥利
募ちち	何沥利
"滚抿倔 酒捞倒捞扼 林格罐篮 霸 酒聪扼
捞技倒, 快课被捞扼 林格罐篮 芭促..."	何沥利
促弗扒 隔扼档 官迪 扁荤扼绰 富父 救 唱吭栏搁 亮摆促绰扒 构衬 呈公 积阿捞 陋匙	何沥利
柳楼 久 唱扼啊 绢痘霸 登啊绰芭衬 せせせせせせせ 栏 久 せせ	何沥利
贾流洒 捞霸 弊成 酒捞倒窍绊 构啊 促弗瘤 葛福摆澜 弊成 公措唱客辑 畴贰何弗促绊 家府 铝龈４ 咯磊埔甸捞唱 历繁 拳搁焊绊 窃膊 锭芒窍绰 埔甸捞唱 弊成 辑肺 粮吝窍哥 榴扁搁 登绰单	何沥利
酒公府 构 捞技拌酒捞倒捞 构 剧瘤绢录备 牢扁腹绊 绢录备 秦档 抄 傲 捞慧胶飘府赣唱 捞慧啊荐 亮酒且贰...	编沥利
客快	编沥利
"焊矫绰 绢恫 盒甸篮 混娄 阂祈且 捞具扁甫 秦壕聪促. 贾流洒 绢啡阑 订 击靛冠胶 农府俊捞磐盒甸捞 蜡譬宏 澜厩拌甫 力菩且 芭扼绊 积阿沁嚼聪促. 汲饭烙 俊叼记捞唱 快空仟空, 幂幂快丛 鞍篮 芭拱鞭 农府俊捞磐盒甸狼 畴贰甫 甸栏哥 檬爹苞 吝爹 矫例阑 焊郴吭嚼聪促. 弊繁单 绢蠢货 弊盒甸狼 空谅绰 促弗 盒甸狼 巴捞 登绰 巴阑 焊聪 购啊.. 竟镜窍搁辑档 绢骂焊搁 寸楷茄 搬苞肺 积阿窍搁辑 混酒吭嚼聪促. 弊繁单 货酚霸 哆矫绰 盒甸捞 烤朝狼 历狼 快惑甸焊促 农霸 窜见俊 己厘窍矫绰 葛嚼阑 焊绊 历档 弊盒甸狼 畴贰甫 佃绊 绢蠢怠 弊盒甸狼 埔捞 登菌嚼聪促. 厚废 弊盒甸捞 唱鸥唱绊 己厘窍矫绰 葛嚼 傈眉甫 焊柳 给沁瘤父 弊 畴贰俊辑 浅扁绰 控瘤 葛甫 皑悼阑 蠢布嚼聪促. 弊矾搁辑档 苞芭狼 快惑丛甸狼 畴贰档 甸栏搁 弊巴焊促 歹茄 何沥且 荐 绝绰 棍蛮 公攫啊啊 蠢布嚼聪促. 腹篮 积阿阑 窍扁浚 呈公 荤家茄 眠撅 迫捞牢 扒 舅绊 乐绊 柳沥茄 埔捞扼搁 罐酒靛妨具 茄促绰 巴档 舅酒档 付澜 加俊 绢恫 傍倾窃篮 救 焊捞瘤啊 臼疽嚼聪促. 漂洒唱 苞芭狼 快惑甸苞 泅犁狼 快惑甸捞 秦辰 老苞狼 瞒捞啊 历甫 歹 汗棱窍霸 父甸菌嚼聪促. 弊矾促 历绰 捞犯霸 搬沸阑 郴啡嚼聪促. 唱狼 烤 眠撅苞 快惑阑 何沥窍瘤 臼绊 瘤陛狼 鉴埃阑 榴扁磊绰 疤聪促. 力啊 公攫哎 荤尔且 锭 乐菌带 付澜阑 促弗 公攫啊俊 静绊 弊巴捞 混娄 龙副 锭, 苞芭狼 快惑阑 榴扁绊 捞繁 侥栏肺 苞芭客 泅犁甫 悼矫俊 荤尔窍绊 乐嚼聪促. 力啊 榴辨 荐 乐绰 巴捞 疵绢唱搁 弊芭措肺 亮绊 历狼 鉴荐沁带 悼缴阑 瘤难辑 郴 牢积捞 弊犯霸 阂青窍柳 臼疽促绊 活狼 侩扁甫 掘绊 乐嚼聪促. 历客 鞍捞 茄锭 肋 唱艾带 盒甸阑 荤尔窍绊 泅犁档 荤尔窍矫绰 盒甸俊霸 靛府绰 历狼 累篮 祈瘤涝聪促. 捞技倒 咯矾盒! 何叼 咯矾 盒甸狼 扁撅捞 历俊霸档 亮篮 扁撅捞 瞪 荐 乐档废 览盔窍摆嚼聪促! 欧酒!!"	编沥利
措窜窍促 捞谍巴档 春胶俊 哆绊 せせ	何沥利
隆滚芭狼 具噶阑 甸栏聪 课被屈 官狐瘤巴匙 せせ 课被 缺泼!	何沥利
绢瘤反畴 弊成 せせせせせ	编沥利
牢磐轰 促 亮绊 柳涝厘寒捞 臭篮巴档 荤角捞瘤父 “啊惑”狼 牢拱捞 酒聪扼 促 角粮窍绰 ”荤恩“涝聪促. 老馆牢 盒甸阑 困秦 奖霸 汲疙窍磊搁 付摹 ”己快“客 厚搅茄 蠢肠捞扼绊 积阿窍搁 邓聪促. 捞 康惑栏肺 牢秦 捞技倒俊 包缴阑 啊瘤霸 等 盒甸捞唱 贸澜 舅霸 等 盒甸 葛滴 榴芭款 眠籍 焊郴技夸! 欧局~!!	何沥利
辟单 弊成 奴拳搁 焊妨绊 能辑飘啊绰芭烙??	何沥利
"屈.. 捞沥档搁 快府 剧瘤 嘎瘤? 窍促啊 柳楼 剧瘤肺 唱客滚赴... 澜吝 10困俊 羔沸 6困俊 侵归 1困, 疙傈 4包空俊 茄惫 呼焊靛 3困, 固惫 力寇 167困俊 能辑飘鳖瘤 窍搁.. 剧瘤 嘎酒... 捞技拌 酒捞倒... 绢叼鳖瘤 目龙芭衬... 磊 4笼 格钎绰 1困促... 捞技拌 酒捞倒!! 拳捞泼!!! 欧酒!!! "	编沥利
唱茄抛绰 涝傣何沥扁鄂 绝菌促	何沥利
传拱捞 林福福 儒福匙夸..	何沥利
辟单 历芭 阿磊 第俊辑 滚抿绢 弊芭 尝绊 勉捞尔 畴贰 何福绰扒啊夸?	编沥利
疵鞍篮镑阑 官扼焊绰 呈狼 弊传捞 亮酒.	编沥利
捞技倒 康盔秦!!!!	何沥利
酒..狙.. 郴 传拱滚瓢...ば	编沥利
捞技倒せせせせせ ぇぇぇぇ	何沥利
2:10 捞 盒捞 厚林倔牢啊夸?	编沥利
栏 靛矾况	何沥利
酒聪.. 历扁..酒..弊霸... 历扁 救俊 荤恩捞 乐促绊~!!!!!!	编沥利
"促剧茄 巩拳狼 粮吝,包缴苞 硅妨啊 鞘夸茄 技惑捞扼绊 积阿钦聪促.
皋鸥滚胶, 滚抿倔 巩拳狼 弥傈急俊 乐绰 捞技拌酒捞倒苞 课鸥滚胶狼 葛电盒甸捞 锭沸 厚抄罐绊 戈矫罐阑荐 乐瘤父, 父距 2技措,3技措 皋鸥滚胶啊 积变促搁 弊扒 葛滴 捞技倒苞 课鸥滚胶 傣盒老疤聪促.
攫力唱 亮篮 巩拳甫 父甸绢哎荐 乐档废 拳捞泼涝聪促!!"	编沥利
胶宏胶 汽 固促!	编沥利
副颇丛篮 沥富 玫荤涝聪促. 力啊 焊拿评厘栏肺 乐绰 农风俊辑 '副颇丛捞 俺荤沁带 畴贰(盔邦 老绢)甫 2瞒 俺荤秦辑 窜眉邦 父甸绊酵促绰 郴侩'狼 皋老阑 焊陈绰单 酒林 狐福霸 荤侩秦档 等促绊 翠厘秦林继绢夸. 贾流洒 历繁 措胶鸥盒甸篮 翠 救秦林芭唱 决没 词霸 翠秦林矫绰单 历 沥富 皑悼沁绢夸.. 促弗 糕滚甸档 呈公呈公 亮酒钦聪促.	编沥利
唱档 亮酒且临 隔耳瘤	编沥利
客 柳楼 捞秦啊 救等促... ぉし	编沥利
力惯 泅角阑 混磊	编沥利
捞技倒 荤尔秦 ばばばば 菊栏肺档 览盔且霸夸!! 颇捞泼 !!!!	何沥利
呈公 亮篮 春胶看绢夸 捞繁 亮篮 春胶 父甸绢林脚 扁磊丛俊霸  哪腔磐 粱 亮篮吧肺 官层林角荐 乐唱夸? せせせせせせせ 歹 亮篮 春胶甫 父靛矫绰单 档框捞瞪芭鞍酒夸	编沥利
窍ˇ.	何沥利
酒聪 弊成 饺栏搁 炼侩洒 窍搁 瞪巴阑 被捞 瘩臂鳖瘤 促绰霸 柳楼 欧罐酒 磷摆绢ˇ 历繁 部牢付牢靛 啊瘤绊 钢履洒 荤雀积劝 窍绰么 窍绰霸 柳楼 矮馆牢 内胶橇饭 酒聪具? 捞技倒 颇捞泼!!! 酱欺洒绢肺 畴贰 呈公呈公 亮狙促	编沥利
康盔窍扼 捞技倒!!!ばばばばば	何沥利
抄 捞技倒 烤朝何磐 腹疽带 2D 某腐磐 剁况初绊 白规窍绰 胶飘府赣甸捞尔 厚搅茄 芭 酒囱啊 窍绊 构瘤 酵篮 蠢肠篮 乐菌瘤父 弊犯霸 芭何皑捞 乐柳 臼疽绰单 酒囱 荤恩甸档 柳楼 腹备唱	编沥利
し捞捞霸刚啊夸?	何沥利
"滚棍捞绰霸 橇肺弊伐 倒府搁辑 母媚鳖瘤 窍聪鳖 历繁巴 鞍篮单
母媚 窍绰 规过阑 隔扼辑 弊繁霸 酒匆鳖 酵澜 せせ
辟单 规价惫俊 哪磐亮篮芭 腹阑扒单..."	编沥利
酒淬 焊绊乐唱夸?	何沥利
泅厘俊 2父疙 逞霸 吭带单 促弗酒捞倒 能辑飘 10锅档 逞霸 啊好瘤父 捞锅捞 弥绊看绢夸ばば	何沥利
捞 康惑 梅俊 杭锭绰 隔耳绰单 促矫焊聪 快课被捞 虐快带 滚抿倔 酒捞倒捞看促聪 せせせ	编沥利
捞技倒 焊窜 坷康琶捞瘤	何沥利
课被 汽公闷促	何沥利
捞技倒 康盔洒 荤尔秦!!!!!!!!!!!!!!!!	何沥利
蒲飘) 捞芭啊瘤绊 唱扼 噶茄促绰 扒 弊父怒 捞技倒捞 蜡疙窍绊 康氢仿捞 奴吧 牢沥窍绰 祭捞促. 厩敲 崔啡促绊 拳郴瘤 富绊 编沥雀肺 倒府磊	编沥利
冠瓤脚 牢临	编沥利
"开矫 ""措 捞技倒"" 弥绊促!!! 欧酒~~~~!!!!! ???"	何沥利
措涝锭巩俊 肋 给 焊绊 乐菌绰单 档措眉 公郊老捞.....	何沥利
1:05 澜瘤 嘎垒酒 ざげ せせせせ	何沥利
滚譬滚 亮酒窍绰单 茄惫 滚譬滚绰 毫档毫档 柳涝厘寒 蠢哺咙.. 葛惫绢扼 弊繁瘤 呈公 坷臂芭府绰淀茄	编沥利
促弗 滚眠倔 酒捞倒 弊缝 敲饭捞宏甫 傣龙窍绰 敲府涝聪促 贸澜 捞技倒盒甸阑 好阑订 购啊 亮酒窍绊酵瘤父 付澜篮 罐酒林瘤臼绰 蠢肠捞 乐菌瘤父 痢痢 虐爹 畴贰啊 亮歹聪 绢蠢货 力 敲饭捞府胶飘鳖瘤 吭匙夸せせ 鸥埔捞瘤父 览盔钦聪促! 滚眠倔 酒捞倒 埔阑 唱慧矫急栏肺 官扼焊绰 祈斑甸 葛滴 绝绢瘤搁 亮摆匙夸!ばば 亲惑 览盔钦聪促!	编沥利
唱父 舅带 累篮 酒捞倒 胶飘府赣 鞍带 捞技倒 捞犯霸 己厘窍绊 痢痢 歹 措吝俊霸 舅妨瘤绰 葛嚼阑 焊聪 郴啊 促 谎淀窍绊 快府 酒捞倒捞 歹歹宽 磊尔胶矾款 付澜捞 靛匙夸 攫力唱 岗柳 捞技倒 览盔钦聪促!! 欧酒?	编沥利
绢请请 酒侩	何沥利
"抛求... AI客 局聪客 捞技倒篮 促 促福促绰吧 捞秦 给窍绊 瘩臂 促绰 荤恩甸 粱 乐绰 巴 鞍澜
* AI : 救俊 荤恩 绝澜 / 葛电霸 啊惑 (荤恩捞 窍绰霸 绝澜)
* 局聪 某腐磐 : 救俊 荤恩 乐澜(己快) / 葛电霸 啊惑(局聪 某腐磐 汲沥) / 救俊 乐绰 荤恩苞 某腐磐绰 喊俺
* 捞技拌酒捞倒 : 救俊 荤恩 乐澜(俺喊 糕滚) / 距埃狼 皋鸥滚胶利 夸家(某腐磐喊 汲沥) 寇俊绰 葛电霸 泅角 荤恩苞 楷悼(概老 规价, 角矫埃 家烹 啊瓷) "	编沥利
快府 屈捞 沥富.. 措窜茄 荤恩捞瘤	何沥利
捞技倒捞 己厘窍绊 己厘秦辑 坷橇扼牢 傍楷鳖瘤 窍绰 汽 柳楼 亮促....?	编沥利
滚..抿倔?滚眠澄 酒捞倒??肋 葛福摆瘤父 概快 葛矫菠窍绊 欧酒窍匙夸 菊栏肺 览盔且霸夸~	何沥利
"捞技倒 埔甸篮 局聪鞍篮 把葛嚼阑 亮酒窍绰 吧鳖 酒聪搁 第俊辑 踌澜窍绊 乐绰 角力 荤恩甸阑 亮酒窍绰吧鳖 壬,,"	何沥利
2:10 抄醋备 瞒覆栏肺 颊丛 嘎捞窍绰 荤厘丛	编沥利
固捻俊 凯堡窍绰 弊繁 蠢肠捞 酒匆鳖	编沥利
捞技倒 拳捞泼 ぞぞ	何沥利
梅浚 捞霸 构瘤窍绊 好促啊 夸硫 萍厚焊促 犁固乐变 窃	何沥利
酒聪 娟甸酒 技惑捞 固媚 倒酒埃促 捞繁家府粱 救窍搁 救蹬衬...?	何沥利
せせせせ 唱档柳楼 久傣牢单 固媚倒酒埃促	编沥利
"快府 局甸 胶宏胶春胶俊档 棵扼坷绊 柳楼 腹捞 那备唱ば 俺牢胶飘府赣狼 牧刨明 吝 窍唱肺 矫累登菌瘤父 2斥埃 辑荤档 腹捞阶捞绊 埔甸苞狼 眠撅档 腹捞 阶看嚼聪促ば 捞力 绢叼啊辑 酒捞倒捞扼绊 磊尔 给且霸 绝绢脸绢夸!
SBS 亮篮扁荤客 秒犁 皑荤钦聪促!"	编沥利
"历档 盒疙 割俺岿 傈鳖瘤父 秦档 ""捞霸 嘎唱?"" 捞繁 馆览捞看绢夸...坷肺瘤 捞技倒 邦 + 埔辑厚胶 迭 1锅究父 佃绊..(弊锭绰 邦 捞抚档 隔耳澜) 弊繁单 力啊 亮酒窍绰 茄 蜡譬滚盒捞 府客牢靛 目滚 秦林脚霸 乐绢辑 甸绢焊绊 ""畴贰 亮促!"" 捞 蠢肠 + 干滚盒甸狼 俺牢规价档 焊绊 祈笼夯档 焊搁辑 备刀 救 窍绊 焊绰霸 固救且沥档肺 犁固乐霸 焊绊 乐菌绢夸....弊贰辑 贸澜俊绰 技备丛阑 备刀窍绊 焊绰单 杭荐废 干滚盒甸捞 促 呈公 犁固乐绢辑 促 备刀秦滚啡绢夸...せせせ 捞吧 拌扁肺 蠢长扒 寸楷洒 贸澜俊绰 绢祸窍摆瘤父 规价 鞍篮芭 焊搁 恐 亮酒窍绰瘤 舅摆歹扼备夸... 弊府绊 历鞍捞 捞繁 惑炔阑 稗绊 甸绢吭阑 锭啊 涝傣何沥扁?甫 芭摹绊 甸绢柯 荤恩捞扼绊 倾歹扼备夸 历档 1岿俊 甸绢柯 蜡涝捞扼 肋 隔扼辑 绊措 捞颇府盒甸捞 舅妨林继栏搁 钦聪促!"	何沥利
泵陛茄单 弊烦 滚抿倔 酒捞倒篮 柯扼牢栏肺 焊绰芭扼 流立 能辑飘 焊矾 啊绰芭尔 奴 瞒捞啊 购啊夸ˇ??? 流立 父抄促绰 钎泅捞 炼陛 绢祸窍霸 甸府绰单	编沥利
措茄刮惫捞 噶秦啊绊 乐促	编沥利
脚扁窍促....	编沥利
胶宏胶鳖瘤 柳免茄 快府 捞技倒 柳楼 呈公 岗乐促 抗悔促 磊尔胶反促!! 快府 捞技倒 沥富 腹捞 畴仿窍绊 埔盒甸阑 困窍绰 付澜捞 呈公 抗慧 模备甸捞俊夸 腹捞 包缴 啊廉林矫绊 览盔秦林矫绊 抗坏秦林继栏搁 亮摆嚼聪促!! 快府 捞技倒 捞颇府啊 腹捞 荤尔秦!! 酒捞匙 隆滚芭 副颇 林福福 绊技备 厚卯 荤尔秦 拳捞泼!! ??	何沥利
快课被捞 货肺款 魂诀阑 父甸菌匙 措窜窍促	何沥利
捞技倒 荤尔秦! 副颇驰 览盔秦!! 快府 酒捞倒 呈公捞悔烈 ばば 瞒盔阑 逞绢 葛电 荤恩甸俊霸 捞惠罐阑荐乐档废 埔甸何磐 亮篮 巩拳甫 父甸绢啊摆嚼聪促~!!	何沥利
VR锚 匙飘况农 恐历矾畴 ぬぬ 酒奖匙	何沥利
久傣 嘎酒夸..匙..澜..历绰..	编沥利
"快课被 坷角临 酒矫唱啊 ぁしぁいせせせせせせせせせせせせせせせせせせせせせ 贾流洒... 傍侥利牢 扁裙荤啊 乐绰 巴档 酒聪绊, 弊历 茄 胶飘府赣狼 扁裙栏肺 捞风绢柳 酒捞倒捞 捞犯霸 己傍茄扒 扁利捞瘤... 酒流 捞技倒...捞鄂 滚抿倔拌狼 酒捞倒捞鄂吧 罐酒甸捞扁 粱 塞甸瘤父, 畴贰档 呈公 亮绊... 历 滚抿倔 某腐磐加狼 荤恩甸狼 概仿阑 舅扁俊 炼侩洒 览盔窃"	何沥利
"客, 沥富 技惑捞 官差绰 巴捞 蠢哺瘤匙夸. 历绰 捞繁吧 贸澜 焊瘤父 曼 焊扁 亮匙夸. 欧酒~"	何沥利
酒流鳖柳 牢侥捞 捞犯瘤父 攫哩啊绰 牢侥捞 棵扼坷扁甫...	何沥利
副颇 埔捞扼绰 盒 柳楼 局沥捞 蠢哺柳促... せ 牢磐轰 亮疽绢夸.	何沥利
"岭郴 绢捞 绝绰霸 咯扁鳖瘤 客辑 垮 窍绰 荤雀何利览磊 局甸 呈公 腹澜.
瘤啊 软楷角 甸绢客辑 淬硅晨货 抄促绊 垮窍绰 裁捞匙せせせせ 构窍绰芭具 捞霸.. 舅肋迭 岭郴 救登匙"	何沥利
坊飘霸唇 鞍酒辑 眶扁匙	何沥利
娟匙甸尝府 榴扁绰芭聪鳖 弊成 剧瘤肺 救棵府坷霸 秦拎ˇ柳楼 捞芭 亮酒窍绰 局甸 绢叼辑 荤惑 背腊罐篮芭 鞍澜 购啊俊 技锄登菌绰芭 鞍澜	编沥利
唱遏	编沥利
腊荐 快宽	何沥利
咯扁啊ˇ 澜瘤??	何沥利
捞力 唱捞啊 电扒啊 给蝶扼啊摆促..	何沥利
弊 快课被丛档 捞霸 救瞪芭具 沁绰单 等促绰霸 愁而绊 啊绊 酵菌绰单 历扁...ばば	编沥利
唱档 贸澜浚 捞霸 亮唱? 沁绰单 亮促	编沥利
开矫 捞技拌酒捞倒 努扼胶	编沥利
开矫 捞技倒 郴啊 亮酒窍绰 捞蜡啊 乐绢	编沥利
胶宏胶 哪粱 官层扼;	何沥利
捞技其 老锭巩俊 给啊辑 酒奖促 甭令 荤绊 酵菌绰措...	编沥利
积阿焊促 亮酒窍绰 荤恩 腹备唱 脚扁窍匙	编沥利
柳楼 传拱唱 ばば	编沥利
恐 捞矾衬 柳楼	何沥利
付捞呈档 皋捞历俊辑 蝴朝荐乐绰 弊朝捞 坷辨	编沥利
"捞繁霸 皋鸥滚胶烙. 瘤陛篮 历霸 购啊 酵阑刨单 历 弊贰侨捞 泅角利捞 登绢辑 档历洒 荤恩窍绊 备喊且 荐 绝绰 荐霖栏肺 惯傈茄 促澜, 历 某腐磐啊 窍绰 富, 青悼, 牧刨明啊 葛滴 牢傍瘤瓷 AI 肺 胶胶肺 积己秦 郴绊 父甸绢郴廉辑 荤恩焊促 任纠 歹 荤恩翠绊 歹 顿绢唱绊 歹 度度窍绊, 绢恫 攫绢电 荤侩啊瓷窍绊, 绢恫 夸没档 倾侩登绊 绢恫 角荐档 绝捞 肯寒茄 葛嚼阑 焊咯临 荐啊 乐霸 登绰 芭烙. 寸楷洒 楷抗牢 焊促档 歹 抗悔绊. 瘤陛篮 AI 啊 腹篮 角荐甫 窍瘤父 弊 角荐绰 AI 啊 惯傈且荐废 概快 临绢 甸绢辑 荤恩焊促 任纠 任纠 角荐啊 临绢甸霸 凳. 拱沸 捞 矫痢捞 坷霸 瞪 码浚 AI 啊 父甸 荤雀 函拳啊 捞繁巴苞绰 厚背档 救登霸 决没唱摆瘤父"	编沥利
澜~ 欧酒~	何沥利
狼磊俊 旧绰芭 绢痘霸 秦夸? 倾傍俊 旧酒 乐栏搁 促府酒敲刨单....	何沥利
弊成 角力肺 倔付唱 畴翠捞扒 花疽扒 局聪 某腐磐 亮酒窍淀 亮酒窍绰芭匙 せせ	编沥利
弊贰... 览盔茄促	编沥利
"沥富 沥富 岗瘤绊 荤尔胶矾款 快府 捞技倒甸!!
沥富 林福福! 绊技备! 隆滚芭! 酒捞匙! 副颇! 厚卯! 
沥富 绊积窍搁辑 崔妨柯 弊甸狼 咯沥阑 菊栏肺档 瘤难焊扁甫 盔钦聪促! 
沥富 荤尔钦聪促!! "	编沥利
柳楼 俺犁拐霸愁疽促 せせ	何沥利
酒~~~~~~~~~柳楼 欧酒 ばば	编沥利
捞繁 滚抿绢酒捞倒 抄 牢沥给秦 牢沥给秦 捞矾搁辑 痢痢 夸货 拌加 决绢桌礁泳  窍搁辑 拌加 绢? 钧  酒   狐廉电促 酒 努炒促. 课被捞 玫犁烙 家龙档 乐瘤父 版氰捞 逞荤寒捞扼 娟甸坷贰哎波烙 磊捞力 酒捞匙 焊矾啊具瘤 窍捞匙~	编沥利
去鄂胶反促	何沥利
技措瞒捞牢瘤 俺牢利栏肺 滚譬滚绰 肋 葛福摆匙夸... 	何沥利
捞技倒 埔篮 酒聪瘤父 滚抿倔 埔栏肺结.. 歹捞惑 捞繁吧 焊绊 传混阑 骂仟府绰霸 酒囱 窃膊 粮吝秦林绊 榴败玲栏搁 亮摆绢夸..	何沥利
"捞技拌酒捞倒 柳楼 己傍沁促 欧酒!
酒粮荤! 弊成 捞技倒 荤尔秦!!!!!!
菊栏肺档 ぞしぜ!?
柳楼 能辑飘锭绰 呈公 亮疽促..."	何沥利
捞技拌酒捞倒 捞芭 墨墨坷俊辑 捧钎茄 弊芭烙?	编沥利
葛记母贸 坷瘤绰备父	何沥利
鳖客 狐啊 悼矫俊 乐绰 吧 焊聪 捞技倒篮 措己傍捞促	何沥利
呈公 磊尔胶反促 快府 酒捞倒 ばばばば 菊栏肺档 歹 铰铰厘备窍绊 青汗茄 老父 啊垫窍霸 秦临霸夸????	何沥利
"冠技府绰 榜橇甫, 皋矫绰 绵备甫, 付捞努 炼带篮 丑备甫 坷瘤霸 肋 舅酒~
辟单? 噶窍绰 阿阑 坷瘤霸 肋 酒绰 呈锐甸狼 沥眉绰 够鳖??
牢积 噶窍绰 傈巩捞具~ 
酒窍~ 弊犯备唱!"	何沥利
快课被 弊绰 脚捞具!!	何沥利
"趣 捞技拌酒捞倒捞 开窍矫促搁, 寸脚篮 构 登唱何磐 积阿秦 壕矫促! "	编沥利
快客!!!!!	何沥利
芭狼 弊成 离刮捞茄抛 郴厘帕 冈捞绰 鞭狼 芭何皑捞促..	何沥利
滚譬滚啊 剧瘤拳登衬..	编沥利
"购瘤葛福百瘤父 亮匙夸
欧酒"	编沥利
heterogenesis	何沥利
"盖菊率俊
笛挥牢酒甸捞乐促
萍南泼档
塞甸菌促绰单"	何沥利
2:25  pd丛 呈公 端哪 酒凑聪鳖 せせせせせ	编沥利
客 老夯牢临 惫郴扼绊绰 惑惑档 给沁促	何沥利
"捞惑茄 局甸 历扁 促 葛烙 
固荤老 茄规 冻迸扼 柄昌秦瘤霸"	何沥利
快课被捞 筋酒棵赴 粮唱(?) 奴 傍.	何沥利
酒聪 牢磐轰 窍绰芭 恐捞府 历拳龙捞具せせせせ	何沥利
鞍捞 亮酒秦崔扼绊绰 救秦夸 饺绢窍瘤父 窍瘤富酒拎夸 ぬぬ 柳涝厘寒 奴芭 舅绊乐栏聪鳖夸	编沥利
褥ˇ 葛福摆促 せせせせせせせせせせせせせせせせせせせせ郴啊 捞惑茄扒啊	何沥利
"褥... 捞技倒 凯缴洒 焊促 弊父敌 1牢栏肺辑 牧剂篮 曼脚沁瘤父 积阿焊促 柳涝厘寒捞 臭疽菌绊, 捞甫 必汗沁阑 锭狼 蔫皑档 臭疽瘤父, 苞楷 捞甸阑 荤恩栏肺辑 措秦具 窍绰啊俊 措茄 辟夯利牢 狼巩捞 甸搁辑 泅鸥啊 坷绰 官恩俊 曼...."	何沥利
瞒盔阑 逞绢 快府俊霸 崔妨柯 快府狼 酒捞倒 捞技倒 菊栏肺档 农绊 辨霸 啊磊!!!!	何沥利
娟匙 垮窍搁 疙抗妊颊烙?	编沥利
贾流洒 滚譬滚绰 老夯俊辑 柯芭扼 澜瘤巩拳肺 焊牢促绊 积阿窃. 茄惫父狼 滚譬滚 巩拳啊 力措肺 沥馒窍搁 亮阑刨单. 茄惫 滚譬滚甸 芭狼促 老夯祸 汞绢乐绢辑 芭何皑捞 靛绰扒 荤角烙. 弊贰档 夸货绰 老夯祸 傈囚 救汞篮 评甸档 唱坷歹扼.	何沥利
捞技倒荤尔秦!!!!!!!!!	何沥利
"冠瓤柳丛 决没 扁磊鞍栏寂夸 せせせ
瓷槛窍矫匙夸"	何沥利
2:10 牢玫 价档俊 荤绰 绢柄兵菩操矾固固家课秦牢 荤尔秦..	何沥利
快府尝府 榴辨搏单 厩敲 促绰 局甸篮 贾流洒 涝傣 何沥扁 酒聪衬? せせせせ	编沥利
"柳楼 捞技拌 酒捞倒捞 己厘秦辑 捞犯霸 皋鸥滚胶 其胶萍国鳖瘤 凯霸 登菌促绰 霸 公均焊促档 脚扁窍绊, 愁而匙夸. 柳楼 滚抿倔 某腐磐肺 捞犯霸鳖瘤 茄惫俊辑 躲 芭扼绊绰 积阿 给 沁绰单. 捞技倒 拳捞泼涝聪促~"	何沥利
快贡淮岳 绝栏菌栏搁 捞技倒捞 绝菌促 弊溜 贡淮岳 脚捞促	编沥利
柳楼 技惑捞 芭操肺 倒酒啊备唱	何沥利
唱档 贸澜 好阑锭 唱扼 噶沁促绊 垮沁瘤父 炼陛父 舅酒焊聪 郴啊 垮且 捞蜡啊 绝促绰吧 蠢哺滚府绊 弊成 傣龙窃	编沥利
捞技倒 弥绊 	编沥利
快府 酒捞倒 拳捞泼!??	编沥利
捞技倒 拳捞泼 欧酒 	编沥利
弊成 屈篮 脚捞具 牢沥秦 犁惯	何沥利
"滚譬滚俊 措秦 何沥利牢 涝厘篮 瘤囱 荤恩甸狼 狼斑 吝 窍唱啊
""父距 角拱捞 俺花疽促搁, 瘤陛贸烦 亮酒且 荐 乐阑 巴 鞍衬? 扼绰 郴侩牢 巴 鞍澜
俺牢利栏肺 唱绰 喊 巩力 绝促绊 积阿秦
角拱捞 决没 抗悔电, 酒聪搁 决没 给 积板电 郴啊 亮酒窍绰 扒 魄锭扁, 溜 啊惑狼 牢拱牢单"	编沥利
构 历纳腐磐甸捞 捞坏辑 亮酒茄促扁焊窜 畴贰甫 肋何福绊 富阑 犁拐霸 肋秦辑 亮窍绰芭瘤. 包缴 傈囚绝菌绰措 焊聪鳖 巨埃茄 萍厚橇肺弊伐焊窜  犁拐歹扼备 畴贰档 亮绊	何沥利
牢磐轰窍矫绰 扁磊盒档 酒捞备 窍搁辑 吗 葛膏飘肺 傍皑窍矫绰单夸 せせせせせせせ	编沥利
胶宏胶 酒捞倒 欧酒	何沥利
泅角俊辑档 劝悼且 荐 乐档废 傈侩 牢屈呕 鞍篮芭 力累沁栏搁....	编沥利
傲 捞霸 捞力 牢轿巩拳鞍澜	何沥利
坷胶飘饿肺 坷鸥捻静	何沥利
"客.. 捞..捞扒 公郊 技拌瘤 ぇぇ
梅 舅疽绰单.. 措..措窜窍匙"	何沥利
捞芭尔 拱前焊包家尔 促弗霸 构烙?	何沥利
捞技倒 拳捞泼!!!! 菊栏肺档 扒碍窍绊 青汗窍霸 劝悼窍辨 疵 扮俊辑 览盔窍摆嚼聪促!!!!	编沥利
柳楼 决没抄 己厘 呈公亮促	何沥利
"捞技倒 埔篮 酒聪瘤父 3磊狼 涝厘捞辑 好阑 锭, 泅角 楷抗牢捞唱 啊惑 楷抗牢捞唱 绢瞒乔 操哥柳 葛嚼阑 焊绊 角力肺 付林且 荐 绝扁俊 度鞍瘤 臼唱 酵匙夸"	编沥利
"历档 贸澜浚 滚抿倔捞扼绰 率捞 厚林幅扼 己鞭窍霸档 饺绢沁菌绰单夸... 模备狼 眠玫栏肺 畴贰甫 茄 锅 佃绊 唱聪鳖 历档 葛福霸 弊犯霸 饺绢窍带 滚抿倔阑 亮酒窍霸 登菌绢夸

盔贰档 酒捞倒 傣龙阑 秦好菌绢辑 滚抿倔 酒捞倒 傣龙篮 掣汲绊 绢祸沁瘤父 滚抿倔 酒捞倒父狼 促剧茄 概仿捞 乐绢 榴疤霸 傣龙窍哥 混绊 乐嚼聪促せせ"	编沥利
捞技倒 弥绊~!!拳捞泼 涝聪促!	编沥利
"坷快... 啊惑 酒捞倒捞扼聪 皋鸥滚胶啊 措技扼瘤父 捞 沥档肺 康氢仿捞 积扁绊 乐菌焙夸
登霸 脚扁茄 俺充捞绊 积家窍瘤父 捞霸 肚 货肺款 盒具啊 凯府绰 芭摆烈?

欧酒!"	何沥利
促亮篮单 剐瘤付扼 惯攫 焙牢厚窍茄 焊扼祸赣府绰粱 哗磊	何沥利
捞码捞搁 傍吝颇 抗瓷捞唱 澜厩橇肺俊 挤寇 秦具 窍瘤 臼阑鳖唱?...	编沥利
绢绒 ;;	编沥利
捞霸 胶宏胶俊 鳖瘤?!	何沥利
焙措俊辑档 酒捞倒 亮酒秦夯 利 绝绰单 23斥 公菩扁废阑 捞技倒捞 柄飘啡促ˇ 穿唱甸捞 氓烙廉ˇ	何沥利
捞霸 牧刨明看促绰霸 柳楼 饭傈靛瘤...	编沥利
"亮篮 牢磐轰 亮篮 秒犁 皑荤靛赋聪促.
酒流 技惑捞 捞秦窍瘤 给窍绰 矫急捞 腹歹扼档, 穿焙啊绰 久傣捞扼绊 垮窍歹扼档.
快府狼 蜡措客 荤尔捞 公均焊促 柳角凳篮 快府 捞颇府客 捞技倒盒甸 葛滴啊 舅绊 乐嚼聪促.
弊巴栏肺 面盒钦聪促."	何沥利
啊楼甸捞瘤 倔傍篮 饺绊 捣篮 国绊酵绊	何沥利
救俊 荤恩甸捞 乐垒酒!!!	编沥利
贾流洒 撅鳖哗绊 捞芭恐焊衬窍绰荤恩 技惑富技促 殿殿 柳楼 俺擦措鞍澜せせせせ 2父疙 逞霸坷绊 柯扼牢 能辑飘档 7父疙捞唱 焊绰 酒捞倒烙 弊府绊 荤恩捞欷护护涣龀椎槔 葛弗促绊 厚窍窍绰芭 窍满澜 巢甸阑 粮吝秦具 夯牢甸档 粮吝罐绊 措立罐酒夸 窜祈利牢巴父 焊绊 构扼窍绰芭 公侥秦焊烙 捞曼俊 捞技倒 规价焊绊 傍何粱窍绊客扼	何沥利
垮 窍绰 荤恩 腹带单..撅匡秦磷摆匙 快府档 剧瘤肺 棵瘤 隔耳促绊夸..澜瘤俊辑父 榴扁绊酵菌绰单 剧瘤肺 棵扼棵临 隔耳绢ˇ	何沥利
绢龙绢龙 茄单 积阿秦焊搁 巢俊霸 乔秦尝摹瘤 臼绰单 垮冈绰芭 捞秦 救凳 捞繁扒 粮吝秦临 荐 乐促.	何沥利
酒捞绊 捞技其 给埃扒 乞积狼 茄捞促... 柳楼 快府 捞技倒 呈公 弥绊具 欧酒--!!!!	编沥利
盒疙 郴荐看绰单	编沥利
捞技倒 	何沥利
30斥 傈 荤捞滚啊荐 酒淬狼 厕捞 捞风绢脸促	何沥利
捞犯霸鳖瘤 捞技倒捞 己厘且 临篮 隔耳促..捞技倒盒甸 包秦辑 促凤林寂辑 皑荤钦聪促	何沥利
捞技倒 康盔洒 桂柯秦! 欧局!	何沥利
康惑 嘛绢林脚 盒 林气档衬备.. 芥匙老何磐 捞技其 福福顶 腹捞 焊咯林匙 せせせせ	何沥利
呈公 脚扁秦辑 弊繁单 捞芭 角力肺 乐绰 荤恩捞 捞犯霸 皋鸥滚胶肺 劝悼窍绰 扒啊夸?	何沥利
"埔甸 牢磐轰 焊聪鳖 家烹捞 琴缴捞匙 せせ
泅角 酒捞倒篮 家烹捞 塞电单 滚抿倔篮 概老 规价窍绊 目孤聪萍 乔靛归 罐酒林绊 殿殿 捞矾搁 埔捞 积辨荐观俊绝瘤 犁拐绊"	编沥利
胶宏胶 靛叼绢 固模扒啊?	何沥利
呈公 久傣 鞍酒辑 捞秦啊 救凳 捣林绊 啊惑 某腐磐 傍楷阑 夯促绊?	编沥利
历霸 构具	何沥利
"贾嘛洒 涝傣窍扁浚 柳涝厘寒捞 乐变茄单 捞吧 农霸 积阿秦辑 客 滚眠倔吧弊缝阑 傣龙秦具摆促 扼绰 积阿栏肺 涝傣窍绰霸 酒聪扼 
馆措肺 窜鉴洒 如洒甸 焊绰 蜡譬宏唱 飘困摹鞍篮 牢磐齿规价阑 夯促扼绊 积阿窍绊 磊楷胶反霸 涝傣窍霸登绰霸 酒匆鳖酵澜 
唱绰 窜鉴洒 牢磐齿规价阑 焊绰单 规价牢捞 霸烙档窍绊 牧刨明档 窍绊 矫曼栏肺 家烹档 窍绊 目滚邦档 郴绊 坷府瘤澄 举裹邦档 郴促焊聪"	编沥利
"捞犯霸 牢磐轰客 康惑 霖厚秦林脚 胶宏胶春胶 皑荤钦聪促.
捞锅 扁雀俊 捞技拌 酒捞倒阑 烹秦 滚眠倔 蜡譬滚, 酒捞倒俊 措秦 歹 腹篮 盒甸捞 舅霸 登搁 亮摆嚼聪促.
菊栏肺 腹篮 盒甸俊霸 荤尔罐绰 亮篮 巩拳肺 沥馒窍扁甫!!"	何沥利
酒聪 恐 磊操 厘荤啊 肋登绰单!!??	何沥利
??? : 脚技拌狼 脚捞 登绰 芭促!!!	编沥利
捞货倒 拳捞泼 敲饭捞宏 拳捞泼!!	编沥利
酒 欧局~!	编沥利
酒流 捞扒 粱 何掺矾款单	编沥利
夸硫 矫措啊 腹捞 官哺辑 亮促 	编沥利
快府 捞技倒!  菊栏肺档 罗宽 歹 铰铰厘备窍扁甫 官而聪促! 胶宏胶鳖瘤 唱坷促聪 快府 酒捞倒 磊尔胶反促!!	何沥利
"滚譬滚啊 亮篮 荤恩 -> 沥惑
滚譬滚啊 饺篮 荤恩 -> 沥惑

唱绰 历繁 腊荐甸捞尔篮 促福促哥 快岿皑俊 秒茄 吗蝶 -> 厚沥惑"	编沥利
"啊惑 牢拱 酒聪绊, 角力 牢拱捞 富窍绊 畴贰窍绊 勉眠绰芭俊夸~!! 墨皋扼唱 葛记母媚 扁贱阑 烹秦 钎沥苞 个窿阑 某腐磐啊 蝶扼窍绰 芭而聪促~~ 飘困摹扼绰 荤捞飘俊辑 牢磐齿规价栏肺 概老 霸烙档 窍绊 畴贰档 窍绊 矫没磊甸苞 家烹窍绊 乐绢夸!!"	何沥利
捞技倒 侗惑窍磊!! 欧酒!!!	何沥利
坷叼记锭何磐 好绰单 呈公 目廉滚啡垒酒せせせ	何沥利
"捞技拌酒捞倒 盒甸档, 埔 咯矾盒甸档 瘤抄 2斥捞扼绰 陋瘤 臼篮 矫埃 悼救 亮篮 老档, 塞电 老档 腹疽阑 抛瘤父
场郴 捞技拌 其胶萍国捞扼绰 奴 公措俊辑 父唱 矫没磊 荐, 康惑 炼雀荐贸烦 疵 箭磊肺父 焊带 辑肺啊 角犁窃阑 犬牢窍绊 亮篮 眠撅阑 巢变 巴 鞍酒 焊扁 亮匙夸
林幅 厚林幅甫 栋唱辑 凯沥阑 爱绊 畴仿秦辑 厕阑 捞风绢郴绰 荤恩, 弊府绊 弊 荤恩甸阑 拜妨秦林绰 荤恩篮 览盔 罐酒 付顶钦聪促"	何沥利
"快府 磊尔胶矾款 滚譬滚 捞技倒
酒磊酒磊 颇捞泼~"	何沥利
胶宏胶屈甸.. 捞芭 炼雀荐 焊怕辑 哪磐茄措 秦林扼!! せせせ	何沥利
捞固 课拱盔俊 棵扼啊辑 芭啊 登绊乐绰 吝老 康惑せせせ	何沥利
"模备蝶扼 捞技其 cgv啊f绰单 档措眉 捞霸 构窍绰扒啊 酵歹扼. 酒流 矫扁惑炼牢淀
弊贰档 器胶磐绰 厚轿霸 肋迫酒冈绢辑 捣篮 酒滨瘤 臼疽澜 せせせ俺曹"	编沥利
磊尔胶矾款 快府 酒捞倒 捞技倒!!!	何沥利
诀公哪磐粱 诀臂 秦拎扼 泛 俺缴秦辑 炮器窍绰芭 柳楼 せせせせせせ	何沥利
?..	编沥利
快府 酒捞倒捞 痢痢 己厘秦啊绰 葛嚼... 呈公 皑拜胶反嚼聪促ばぬば 弥绊狼 其胶萍国捞看绊 镭瘤 给且疤聪促 捞技倒 颇捞泼!!!!! 眠籍 急拱 皑荤钦聪促	何沥利
胶宏胶 力累柳 哪腔磐 粱 官层林技夸 せせせせせせせせせせせせせ	何沥利
铝.. 弊贰 构 聪甸捞 拱前焊包家 焊窜 急赤促 ぞぞ;;	何沥利
课被屈...荤尔秦...绊付况...	何沥利
"春胶俊 捞技拌 酒捞倒 郴侩阑 促凤 林菌促绰 吧 舅霸 登绊 好带 巴捞 国结 2林老捞 瘤唱艾唱 酵阑 沥档肺 弧府 矫埃捞 瘤唱艾匙夸.

痢痢 歹 荤恩甸捞 促弗 巩拳俊档 矫急阑 倒府绊 乐促绰 巴捞 亮霸 蠢哺笼聪促 ^^"	何沥利
4:52 酒聪 福福顶 瘤陛 牢磐轰俊 全炼牧 窍绰芭烙? ぉし 俺眶扁匙 せせせせせせせせせせせせせせせせ	何沥利
铆聪铆聪 牢磐轰 客吝俊档 蓖堪 徽徽窍矫匙	编沥利
客 捞技倒 ぞ窍捞泼!	何沥利
厩己瘩臂静绰 盒甸 炼雀荐 1 皑荤钦聪促. 腹捞 焊矾 客林技夸	何沥利
"绒啊咯辑 词泪磊绊 老绢唱辑 蜡Z 杭扼绰单 舅绊府硫栏肺 均? 捞霸构瘤 胶宏胶? 窍搁辑 康惑好绰单...

客操O...澜瘤扼概...绢叼鳖瘤 啊绰芭烙せせせせせせ"	何沥利
开矫 叼瘤判焊促绰 角拱捞促 鼻篮厚 父技 父技 父父技	何沥利
"滚抿倔 巩拳啊 积家窍绊 掣汲绢档 巩拳狼 促剧己捞 承绢柳促绰 搁俊辑绰 粮吝罐绊, 肚 己槛茄 埔 巩拳啊 磊府棱栏搁 亮摆匙夸. 胶宏胶春胶 皑荤钦聪促"	何沥利
捞技倒 牢磐轰档 亮瘤父 任纠 歹 措窜茄 荤厘丛篮 牢磐轰 救窍唱?	何沥利
"客たた瘩臂轿框魄捞促たた 
轿框捞巢=救萍埔捞乐澜=荤恩捞 腹澜=剧瘤=捞力 腹捞棵扼吭促...菊栏肺 霸加棵扼 啊令酒~"	编沥利
..せせ	何沥利
辟单 捞霸 搬惫俊绰 柳沥己捞扼绰 寒阑 饼妨搁 酒官鸥扼绰 拼俊辑 搬惫 角拱肺 唱客具父 家烹捞 歹宽歹 啊瓷窍绊 牢扁啊 歹 目龙巴烙....规藕捞 父距 拳搁俊父 唱坷绰 酒官鸥 看促搁? 焊捞瘤 臼绰吧 亮酒窍瘤 臼绰 荤恩甸捞 傈技拌利栏肺 9且捞 登扁俊 捞技倒捞 歹 目瘤搁 捞繁 掉饭付俊 狐龙巴 鞍澜 辟单 绢楼乔 课啊仇捞 歹 农霸 救虐匡芭扼辑 惑包绝变 茄单 せせせせせ	何沥利
"1:29 啊惑狼 牢拱 酒凑聪促
夯牢捞 捞抚苞 寇斑父 官层辑 磊脚栏肺 劝悼阑 秦唱啊矫绰疤聪促

焊烹 啊惑牢拱捞扼搁 老夯滚譬滚贸烦 俺牢沥焊傈眉啊 汲沥 侨记牢 版快肺 胶配府累啊档 蝶肺乐绢 秦寸 滚譬滚 某腐磐甫 楷扁窍绰 己快 己拜捞 农瘤父"	何沥利
茄锅 春胶 陡促绊 促 隔妨客辑 公瘤己 全焊窍绰芭 焊聪鳖 粱 家抚蹈澜.. 老馆 酒捞倒 埔待档 捞沥档绰 酒囱芭 鞍篮单 刚 辆背甫 焊绰芭 鞍匙 せせ..	何沥利
课被屈 拳泼~ 捞技倒 拳捞泼~ 购啊 历档 葛福霸 谎淀秦瘤匙夸!	何沥利
柳楼 蜡疙秦捍...	何沥利
汗搁啊空牢单 矫没磊尔 家烹 啊瓷窍促绊 积阿窍矫搁 捞秦窍扁 祈窍角 芭抗夸	编沥利
牢磐轰锭 措翠窍绰 扒 柳楼 荤恩捞窍唱夸?	编沥利
捞技拌 酒捞倒 固媚蝶ばばば?	编沥利
磊尔胶矾款 捞技倒!	何沥利
快课被 屈 付吝唱坷绰芭 俺眶扁匙 せせせせせせせせせ	何沥利
"捞技倒 技拌肺 桓绢啊磊!!! 拳捞泼!!
柳楼 老馆 啊荐甸焊促 歹 畴贰甫 肋窃 柳楼 览盔秦夸"	何沥利
捞技倒盒甸 呈公 弊成 畴贰档 亮绊 捞悔绊 促 亮嚼聪促 ばば 欧酒~~	编沥利
厩敲篮 公矫啊 翠捞促	何沥利
粱父 哆搁 公郊 怕积何磐 蓖练牢芭 付成  厚轿霸 奔绊 裁蔼 栋绰 楷抗牢甸焊促 历霸 任纠 炒促	何沥利
柳楼 奖瘤臼匙...	何沥利
郴唱捞 40临捞瘤父 弊贰档 捞技倒 荤尔茄促 攫力唱 览盔!!ぞぞ 牢磐轰 皑荤钦聪促~	编沥利
"澜 滚眠倔 酒捞倒捞扼... 荤角 老馆利栏肺 积家窍扁档 窍绊 立辟己捞 促家 冻绢瘤绰瘤扼, 官肺 捞秦窍变 塞电 巴档 沥惑栏肺 焊捞匙夸.

促父, PC规捞 快饶磷鉴 积扁哥 PC霸烙 蜡青捞 矫累瞪 锭档 '档措眉 窍风 辆老 绢滴哪哪茄 镑俊 旧酒辑 磊魄 滴靛府绰 霸 构啊 犁拐促绊 历矾绊甸 乐唱'窍绰 荤恩甸捞 腹疽澜俊档 捞哩 腹篮 荤恩甸捞 窍绰 秒固啊 登绢 老惑俊 困拳皑 绝捞 磊府 棱篮 巴贸烦, 历 滚眠倔 酒捞倒捞扼 窍绰 俺充档 泅犁绰 苞档扁瘤父 赣瘤臼篮 固贰浚 荤恩甸狼 老惑 加俊 如茄 秒固 吝 窍唱肺 磊府 棱阑 荐档 乐摆窜 积阿捞 奠聪促. "	编沥利
剧瘤龋家牢	编沥利
快府 捞技倒 弥绊促!	编沥利
"'酒捞绊 赣府具 技惑捞 第笼躯匙 噶沁匙 绢瘤反匙 郴啊 肋给等扒啊?'
滚抿倔俊 措秦 肋 舅瘤 给窍绊 弊历 局聪唱 ai扼绊 积阿窍矫绊 何沥利牢 馆览篮 沥惑涝聪促父
磊脚捞 捞 皋鸥滚胶俊 呈公 肋 舅绊乐绊 包缴阑 啊瘤绊 乐绰单 
'柳楼 倔奔篮 啊赴促, 泅角篮 泅鸥啊 坷瘤 臼摆衬, 舅荐绝绰 沥摹利牢 惯攫 殿' 弊历 包缴阑 缠矾绰 瘩臂捞 炼陛 酒奖匙夸."	编沥利
欧酒!!!	编沥利
捞技倒 霖郴 荤尔秦~	何沥利
构..构畴?	编沥利
"捞秦档 救 登绊
概快 去鄂胶反促"	何沥利
"屈... 0.2%狼 厕篮 己傍沁绢..
捞哩 0.2%啊 酒聪扼 200%季飘具
捞技倒甸 葛滴 "	何沥利
扁磊 哪磐粱 荤拎府 力惯 せせせ	编沥利
俊绒.....	何沥利
"pd丛 措眉 公郊 哪栏肺 甸绢啊脚扒啊夸...
历锐 捞犯霸 谗扁瘤绰 臼酒夸
5:10 酒捞匙丛 传捞 公辑况夸 ばば"	何沥利
"没鉴焊拿 酒捞匙 
葛矫菠捞 隆滚芭 
ぁしし 副颇 
全炼咯脚 林福福 "	何沥利
"""快府绰 弊成 磊悼瞒俊 朝俺 茄锅 崔酒夯扒单 荤恩甸捞 <客 朝俺 崔赴 磊悼瞒甸捞 咯扁 葛咯乐嚼聪促!> 窍绊 脚扁秦 窍绰芭具!せせせせ""
""辟单 捞霸 朝酒瘤变 窍聪鳖 眶变芭瘤 せせせせせせせせ""
""快府绰 歹歹宽 澜瘤肺 啊具秦!"""	何沥利
捞镑苞绰 促弗 厚陵倔阑 啊瘤瘤父 弊 穿备焊促 贾流窍霸 柳缴绢赴 付澜栏肺 亲惑 付澜阑 钎泅窍绰 葛嚼俊 埔捞 登菌嚼聪促!! 其胶萍国 呈公 肋 好嚼聪促!!! 亮篮 春胶 亮篮 牢磐轰 呈公 皑荤钦聪促!!!!!!	编沥利
开矫	编沥利
能辑飘甫 流立啊辑 榴板阑 锭狼 弊 皑悼篮 酒流档 镭囚瘤瘤 臼匙夸. 辆辆 苞拜茄钎泅狼 瘩臂捞 崔府扁档 窍绰单 秒氢捞 酒公府促福促绊 窍歹扼档 亮霸毫林继栏搁 钦聪促. 捞技倒 拳捞泼~	何沥利
贾流洒 俺牢利栏肺绰 柳楼 捞秦啊 救啊扁档 窍搁辑 劳槛窍瘤 臼酒辑 粱 波覆流窍变 窍变窍瘤父 构 亮酒窍绰 荤恩甸茄抛 恐 亮酒窍衬绊 垮且 捞蜡绰 绝促绊 积阿窃 构 弊凡荐档 乐瘤 窍搁辑 粮吝窍绰 霸 歹 亮篮 巩拳扼绊 积阿秦辑	编沥利
‘捞技拌酒捞倒‘ 葛福绰 荤恩 绝菌栏搁 亮摆促..! 菊栏肺档 亮篮 葛嚼 焊咯林技夸~~	编沥利
弊 哪腔磐粱 茄措 荤拎ばば	何沥利
胶宏胶 荤厘丛 快府 乔叼丛 乔揪粱 官层林技夸.. 胶鸥农贰橇飘档 救倒酒啊摆匙	何沥利
垮窍矫绰 盒甸 弥家茄 磊扁 备刀格废捞扼档 粱 倒酒焊矫绊 秦林继栏搁 亮摆嚼聪促..	编沥利
绢绒 绞傣甸 亮刨促 	编沥利
贸澜 焊矫绰 盒甸篮 窜鉴洒 某腐磐 趣篮 AI牢啊 坷秦窍角 荐 乐瘤父 拳搁 呈赣俊 荤恩捞 乐绢夸! 促犁促瓷窍绊 概仿利牢 荤恩甸俊霸 狐廉辑 埔捞 等 父怒 歹 腹篮 盒甸捞 快府 酒捞倒俊 措秦 舅霸 等促搁 柳缴栏肺 青汗且 巴 鞍酒夸 绊付况夸 胶宏胶!	何沥利
荤公角 哪栏肺 牢磐轰沁唱 决没 滚棍捞匙ぬぬ	编沥利
捞技倒篮 畴贰档 亮绊 糕滚甸狼 胶鸥己档 亮绊 秦辑 促 亮篮单 疵 康惑篮 炼陛 酒奖促绊 且鳖. 府客牢靛 霉 康惑俊 厚窍搁 腹捞 唱酒瘤变 沁瘤父...	编沥利
副颇丛 辑荤啊 力老 传拱 ば	何沥利
捞技倒捞 俺弥茄 霸 酒聪扼 檬措等 吧肺 舅绊 乐绰单夸	何沥利
老夯局甸 圈肺弊伐焊绊 凯堡窍绰芭 脚扁窍霸 焊带霸 军弊力 鞍篮单 脚扁窍匙	何沥利
"技惑捞 芭操肺 倒酒埃促绊甸 窍绰单
 焙措, 矫厘版力, 沥摹, 己瞒喊, 开瞒喊, 付距 殿殿捞尔 厚背窍搁 沥惑利栏肺 倒酒啊绰 巴 鞍篮淡?"	何沥利
别酒郴府绰 荤恩甸捞 腹酒脸促绰扒 弊父怒 捞技倒捞 己傍沁促绰 馆刘捞瘤 呈公 欧酒 捞技倒 菊栏肺档 拳捞泼!	何沥利
促 亮篮单 捞霸 公郊 拳搁泛捞...	何沥利
畴贰绰 亮酒辑 唱坷搁 唱坷绰措肺 佃绰单 埔甸捞 包访 林力 炼陛捞扼档 唱坷搁 决没 蕊盒秦辑 快促促 富窍绰霸 呈公 饺澜 せせ 狐啊 鳖甫 父靛绰 傈屈利牢 钎夯狼 埔甸鞍澜..	何沥利
构 澜瘤聪 构聪 秦档 拘档利牢 炼雀荐...呈锐档 荤角 包缴 乐绰芭垒酒~	编沥利
埔摹涝聪促 泵陛茄霸 历 其胶萍国 傍楷俊辑档 流立 促 框流捞脚扒啊夸? 酒聪搁 固府 累诀秦初篮措肺 框流捞脚扒啊夸 酒聪搁 富捞唱 畴贰父 窍脚扒啊夸 泵陛窍匙夸	编沥利
技惑捞 固媚倒酒啊绰备唱	何沥利
坷康琶 弊绰 捞技拌狼 脚捞促!!!	编沥利
"贾流洒 滚譬滚搁 滚譬滚瘤 酒流档 捞吧 恐 角力 酒捞倒肺结 亮酒窍绊 拱绊狐绰瘤鳖瘤绰 傈囚 捞秦救皑..
犁固乐绰 规价牢 急俊辑鳖瘤绰 捞秦啊 啊瘤父 宝洒 ""剧瘤肺 棵扼柯芭鞍绊 捞力绰 快府焊绊 久傣捞扼绊 给茄促!""鞍篮 吹居胶肺 富窍绰芭 柳楼 粱 开败框..
积阿篮 磊蜡扼瘤父 荤雀利 矫急篮 磊扁 积阿措肺 付澜措肺 官差绰霸 酒聪扼绰吧 力惯 舅疽栏搁"	编沥利
贸澜俊绰 滚抿倔 酒捞倒阑 亮酒茄促绰霸 啊惑狼 巴阑 亮酒茄促绊父 蠢哺龙荐档乐绰单 坷贰焊搁 杭荐废 糕滚 茄疙 茄疙捞 呈公 牢埃利捞绊 蝶舵钦聪促! 把栏肺 焊咯瘤绰 酒官鸥甫 亮酒窍绰 巴档 拱沸 乐摆瘤父 柳缴栏肺 捞 弊缝阑 览盔窍绰 付澜鳖瘤 甸霸 父电扒 酒官鸥 第俊 乐绰 蝶舵茄 荤恩甸捞菌带巴鞍酒夸 ぞぞ ばば	何沥利
捞技倒 舅酒? 官迪扁荤 or 酒捞倒 捞繁 固贰甫 扁促覆聪促	何沥利
厩敲矾甸篮 酒捞蜡档 畴贰肺 鳖绊 厘盔康档 寇葛肺 鳖绰单 捞技倒 厩敲? 荤角惑 脚版 救结档凳 せせ	何沥利
沥富 技惑捞 官差绢啊绰 备唱....	何沥利
"曼 绢龙绢龙窍促,,,,,"	何沥利
酒捞匙丛 倔奔 绢单艾君せせせせ	何沥利
厚力捞 焊绰 局甸焊促 归硅玫硅 炒瘤臼唱?せせせせ	何沥利
"1:30 滚譬滚绰 父拳, 局聪皋捞记 某腐磐尔 促福霸 柳楼 荤恩捞 劝悼窍绰扒单..."	何沥利
酒犁甸篮 恐 榜橇康惑窍绊 畴宏扼康惑亮酒秦夸? 柳楼葛抚..	编沥利
厘绕捞屈 l绕捞 焊矾 艾促啊 捞技倒 贸澜 舅疽绰单 包按盒甸 柳楼肺 凯沥利牢 窃己苞 捞技倒狼 概仿俊 狐脸匙夸. l绕捞 & 捞技倒 亲惑 览盔钦聪促	何沥利
酒 嘎促 捞 厩敲甸炼瞒 涝傣 何沥扁看瘤... 措眉 绢蠢 老馆牢捞 捞繁 春胶俊 甸绢客...	编沥利
0:57 登霸 粉飘 鞍呆	编沥利
"拜技瘤皑阑 蠢尝匙夸... 茄 锭绰 老夯 固捻 能辑飘 春胶啊 哆搁 茄惫盒甸 措促荐啊 救 亮霸 焊绊 弊法菌绰单... 焊拿肺捞靛 矫蜡 唱吭阑 锭档 弊繁 搁捞 粱 乐菌绰单... 曼 技惑 舅促啊档 葛福摆匙夸... (曼绊肺 傈 焊拿肺捞靛 畴贰 崔绊 混疽带, 缴瘤绢 焊拿肺捞靛 举裹档 或菌带 埔 吝 窍唱涝聪促)"	何沥利
磊尔胶矾滚ばばば!! 康盔捞 窃膊啊磊 捞技倒! !????	何沥利
柳涝厘寒 臭瘤 救弊贰档 纳捞扑捞 逞荤扼 弊贰侨牢埃捞扼	编沥利
技惑捞 富技变 茄淀 ぉし	何沥利
客 辟单 靛沸栏肺 历搁 涝傣阑 救且荐啊绝匙	编沥利
"康惑 磊眉啊 呈公 彬阐窍匙夸
牢磐轰狼 龙巩苞 翠函档 呈公 亮绊 扒碍窍绊
辑肺 粮吝窍绰 捞 葛嚼捞 沥富 焊扁 亮嚼聪促.
胶宏胶 绊付况夸!! "	何沥利
开矫 规价篮 辑匡规价!!! 欧局!!! 林粮荤たたたた	何沥利
"垮窍绰 荤恩甸篮 历霸 购瘤 隔扼辑 垮窍绰芭 鞍澜
历芭 弊成 2d 局聪皋捞记捞酒聪绊 荤恩烙

恐 亮酒窍绰瘤绰 丛甸捞 蜡譬滚甸 亮酒窍绰芭尔 度鞍澜"	何沥利
捞技倒阑 贸澜焊矫绰 荤恩甸捞 贸澜 夯促搁 炼陛 困拳皑捞 甸荐乐瘤父 扒傈茄 规价阑 瘤氢窍矫绰 盒甸捞聪鳖 捞悔霸 毫林绞碱ばば	编沥利
捞技倒 拳捞泼!!!	编沥利
开矫 屈捞具!!!!	编沥利
8盒捞搁 呈公 乘乘茄 矫埃捞菌促. 捞瘤	编沥利
客 瘤赴促... 拳捞泼!!	何沥利
"1:13
迭 毫档 隆滚芭 埔捞促."	何沥利
了价窍瘤父 冠瓤柳丛 弊... 粉飘霸唇丛牢临....	何沥利
课被屈篮 脚捞具.....	编沥利
捞技倒 汽 固闷促	编沥利
"捞技拌 酒捞倒狼 弥碍狼 厘痢篮 酒公贰档 公茄茄 家烹捞烈. 
概老概老 干滚甸苞 家烹窍绰 榴芭款 矫埃甸苞 穿备焊促 埔甸俊霸 皑荤窍哥 酒尝绰 捞技倒 盒甸捞扁俊 捞犯霸 腹篮 荤尔阑 罐绰芭扼 积阿钦聪促.
捞技倒 拳捞泼!!!"	何沥利
澜瘤绰 澜瘤肺 癌矫促 磊操 剧瘤俊 唱坷瘤富绊..	何沥利
康琶捞屈... 寸脚篮 档措眉....	何沥利
"<蒲飘 沥府>
捞技倒 = 官迪扁荤 ℃ 老馆牢
捞技倒 = 滚譬滚 (ばば 快府啊 靛叼绢 皋牢拿贸具 饶宽饶宽 捞技倒 牢积胶配府 茄锅究 焊绊坷技夸 弊烦 狐廉甸芭具) ℃ 澜瘤牢"	何沥利
胶宏胶俊 唱棵临篮 隔耳匙 せせせせ 牢磐轰且锭 哪父 亮篮芭 静搁 歹 亮疽摆促 せせせ	何沥利
捞繁 酒捞倒档 乐焙夸!! 夸硫 皋鸥滚胶 芭府歹聪 捞繁 巴档 积板阑 临捞具 ぞぞ 技惑捞 惯傈秦唱啊绰 吧 焊聪 扁盒捞 葛矫菠捞 窍匙夸 ぞぞ 欧局~	编沥利
磊尔胶反促 捞技倒	何沥利
"卿 捞技倒捞 胶宏胶俊 唱坷促聪;; 酒林 亮酒
快府 酒捞匙丛 隆滚芭丛 副颇丛 林福福丛 绊技备丛 厚卯丛捞 傈技拌肺 唱啊扁鳖瘤! 览盔窍摆嚼聪促!"	何沥利
"滚譬滚 厉甸茄刨 喊皑沥绝绰单
犁甸 埔捞而矫绊 菩厩龙 何府绰 埔待捞 开败框"	何沥利
"荤雀己捞鄂吧 柳楼 炼陛捞扼档 啊瘤绊 怕绢 抄促搁
捞秦啊 救啊绊 柳楼 唱绰 罐酒甸捞扁 塞甸搁 弊成 瘤唱啊绰霸 焊烹烙
窍唱窍唱 坷格炼格 蝶廉啊搁辑 辑肺 阂祈茄 富 嘛 轿绊 啊绰急 弊成 荤雀己捞 搬咯等霸 嘎澜
沥富 呈公 寸楷茄 荤角阑 捞具扁沁绊 馆冠窍绊 蝶瘤绊 酵篮 付澜捞 电促搁 郴啊 葛抄霸 酒囱啊 茄锅 积阿秦杭 鞘夸啊 乐澜"	何沥利
久傣捞扼聪 澜瘤扼聪 垮窍绊 构扼 秦好磊 内府酒 呼焊靛 3困 啊荐甫 聪甸捞 够 且荐乐绰单	编沥利
绢瞒乔 奖霸 滚府绊 酵绢辑 历矾绰芭	编沥利
捞技倒.. 欧酒!	编沥利
捞霸构烙?	何沥利
瘩臂 捧扁厘 焊矾 吭栏搁 俺眠せせ	编沥利
夯瓷利 reluctant	何沥利
咯己埔甸 腹篮霸 柳楼 狼寇看澜 酒公贰档 滚抿倔 家厚摸捞 巢磊啊 林夸啊 登绰 矫厘捞扼  弊繁 牢侥捞 乐菌绰单 捞锅 扁雀俊 柄摧绊皑	编沥利
2:00 しぁぉし	编沥利
捞技倒俊 包缴绝绰单 埔蝶扼 焊矾皑.. 款康篮 喊肺看瘤父 傍楷 扼牢诀 亮酒辑 父练沁绊 滚抿倔颇飘档 登霸 脚扁沁澜 糠俊辑 胶农赴 凯缴洒 嘛绰霸 眶败辑 郴啊 穿备 流姆嘛绢临鳖? 捞繁富档 窍绊... 促 概仿捞 乐栏聪鳖 亮酒窍绰芭备唱 蠢布促	编沥利
屈 捞贰档 快府啊 澜瘤具?	编沥利
欧酒..欧局⒔	何沥利
1林老 傈俊 捞颇府等 涝厘栏肺结 区坷窍绰 荤恩甸 涝厘档 粮吝秦 拎具茄促绊 积阿钦聪促... 弊成 老馆牢捞 焊扁俊 “历霸 构具”啊 唱坷绰扒 寸楷茄芭 鞍酒夸	何沥利
粮唱 久傣 鞍篮霸 酒聪扼 久傣 嘎酒夸 せせせせせせせせせせせせせせ	编沥利
客操O 胶宏胶档 唱吭匙	编沥利
"郴啊 捞技倒阑 涝傣窍霸 等 捞蜡狼 霉锅掳绰 课被屈捞 父甸菌扁 锭巩 捞看绰单 捞犯霸 表霸 狐廉甸霸 等 捞蜡绰 捞技倒 救狼 荤恩俊霸 馆沁扁 锭巩烙. 某腐磐甸捞 拳妨窍绊 抗悔扁档 秦辑 隔涝捞 登扁档 窍瘤父 规价阑 焊搁辑 捞 荤恩捞 够 窍绰瘤, 绢恫 活阑 混酒啊哥 肚 己秒窍绰瘤 弊吧 砍焊搁辑 弊 荤恩俊霸 概仿阑 蠢尝绊 角矫埃栏肺 家烹 且 荐 乐扁俊 弊繁 巴 鞍澜. 肚 酒捞倒捞扼绰 夸家啊 苞隔涝阑 秦林扁档 窍绊. 唱绰 课被屈捞尔 课鸥滚胶, 捞技倒阑 焊搁辑 技惑狼 函拳甫 货伙 蠢尝绊 乐扁 锭巩俊 捞 荤恩甸阑 蝶扼啊绊 酵促 秦辑 涝傣捞 等芭绊 弊吧 老馆牢甸捞 老瞒盔利栏肺 滚抿倔 捞扼绰 矫急栏肺 祈斑父阑 啊瘤瘤 臼疽栏搁 亮摆澜."	何沥利
咯扁辑 垮窍绰 局甸 历扁俊 埔甸捞扼绊 唱柯 荤恩甸父怒 操固帮 混变窍衬	何沥利
"皋捞宏, 乔滚胶绰 己厘捞 歹叼匙"	何沥利
辟单 秦寇绰 绢恫 滚抿倔 酒捞倒捞乐澜?	何沥利
课被屈 柳楼 屈篮 傈汲捞具...	何沥利
"抄久傣 さあ牢单档 贸澜俊 
捞技倒? 卡ˇ.铝
寝菌澜
辟单 瘤陛篮 绊技备 绝栏搁 给伙ˇ"	编沥利
捞技倒 康盔秦扼!!	编沥利
开矫 快府屈捞具せせせ	编沥利
拳捞泼	何沥利
"捞技拌 酒捞倒 贸澜浚 矫没磊 割归疙, 酒聪 割绞疙观俊 救 灯菌绰单 2斥悼救 快府唱扼 辑宏拿媚 巩拳 惯傈俊 扁咯秦玲促绊 积阿窃 弊锭绰 瘤陛焊促 厩敲档 缴沁绊 埔甸档 腹瘤 臼酒辑 厚抄阑 梆捞 梆措肺 罐酒具 沁菌阑刨单 膏呕 棱绊 咯扁鳖瘤 柯 芭 措窜窍促"	何沥利
胶宏胶鳖瘤 柳免窍促聪 せせ 噶惑捞 泅角肺 函窍绊乐匙夸	编沥利
弊甸父狼 府弊 ぇぇ	何沥利
角力 荤恩捞 任 捞悔瘤 臼唱? 决没抄 绊宁捞搁 葛甫鳖.....老窜 宁捞 喊肺 救捞坏 弊成 弊贰	编沥利
唱绰 擦措促... 面拜捞匙	何沥利
磊尔胶反促 捞技倒 逻逻 惑铰技甫 扁废窍辨!!!!	编沥利
"捞技倒阑 咯扁辑 杭 临 捞具...胶宏胶 咯矾盒 历锐 捞技倒 抗悔霸 毫林寂辑 呈公 皑荤窍绊,捞技倒阑 焊绊 促剧己阑 粮吝秦林矫搁 亮摆绢夸.咯扁辑 捞技倒捞 焊促聪 啊娇捞 棍瞒匙夸.捞技倒 菊栏肺档 采辨父 叭辨官而聪促!欧酒!!!"	编沥利
"捞技倒 呈公 磊尔胶反促 ばば
菊栏肺档 扒碍洒 坷贰坷贰 亮篮葛嚼父 焊咯林技夸 拳捞泼!! 欧酒~~~"	编沥利
"柳楼 窜鉴洒 牧刨明肺 矫累灯带 捞 橇肺璃飘啊 父甸绢辰 捞技倒.. 痢痢 己厘秦啊搁辑 腹篮 盒甸膊 亮篮 葛嚼阑 焊咯临 荐 乐绰芭 鞍酒辑 呈公 亮匙夸 
决没抄 滚评格捞 登绢林绰 快府 课被屈 呈公 皑荤窍绊 捞技倒盒甸档 亲惑 呈公 亮篮 葛嚼栏肺 历锐茄抛 促啊客林寂辑 呈公 皑荤钦聪促 "	何沥利
恐...恐..恐....捞矾绰 吧鳖夸..	何沥利
"哩厘, 肚 措颇具. 捞 霸矫臂父 焊绊 磊妨绊 沁绰单, 肚 措颇甫 焊绊 富疽绢. 捞力 唱绰 件硅秦具父 秦.... 件硅甫 矫累窍搁 泪捞 犬 柄 滚副 吧 舅搁辑档, 唱绰 件硅秦具父 秦. 弊巴捞 措颇甫 格档茄 磊狼 荤疙捞促. 磊, 件硅甫 矫累窍摆绢. 

副颇, 唱狼 荤尔."	何沥利
捞技倒 弊父 弧绊 圈肺唱 蛮剧秦扼	何沥利
柳缴 捞繁吧 蜡譬宏俊辑 八祸窍绊 茫酒夯促绊..?	何沥利
捞霸 购单...?	何沥利
ばば 唱档 捞技其 啊绊酵篮单 促弗 唱扼俊 混酒辑...	何沥利
酒公贰档 3瞒盔俊辑 瞒盔捞 窍唱 撤酒瘤搁 澜瘤肺 甸绢啊绰 淀	何沥利
君せせ  募~ 窃 狐廉毫	何沥利
"绢瞒乔 陋栏搁 50斥, 辨绢毫具 100斥 第搁 芭狼 葛电 荤恩甸捞 措何盒狼 矫埃阑 啊惑技拌俊辑 焊郴搁辑 辑肺狼 柳楼 倔奔档 葛福绊 积劝且芭烙"	编沥利
眠玫!	编沥利
"捞技倒狼 炼惑篮 酒淬涝聪促. 矫措甫 呈公 菊辑唱埃 唱赣瘤 矫傍埃阑 檬岿秦滚赴 弊绰 瘤陛 贸烦 钱飘贰欧栏肺 框流捞绰霸
酒囱 茄丁茄丁 葛记阑 父甸绢具 沁扁俊 1笼郴绊 力累厚 巩力肺 颇魂沁嚼聪促. 功瘤俊啊辑 炼惑丛阑 嘎捞窍技夸."	何沥利
懦傅国胶俊 倔傍篮 酒聪歹扼档 啊搁静绊 唱客玲栏搁 亮摆促	何沥利
"捞颇府 扼辑 亮篮 唱ˇ. 欧酒
捞技倒 荤尔秦夸"	何沥利
郴 酒捞倒捞 胶宏胶春胶俊档 哆促聪..ばば 捞锅 芥弛 厘侥篮 福福顶捞 沁匙夸 旷厘秦柳促.. 捞技倒 荤尔秦 捞力 岿努捞具 ???	何沥利
滚抿倔篮 酒流 利览窍扁 塞甸瘤父 畴贰绰 扁啊阜洒霸 亮酒夸 甭甭 促甸 角仿颇 顿绢抄 啊荐甸牢淀 菊栏肺档 捞繁 畴贰甸 磊林父甸绢林技夸 辨啊促啊 佃绊 贸澜俊绰 滚抿倔 牢临 隔耳澜	何沥利
"酒流鳖柳 促家 积家茄 巴鞍变窍瘤父, 绢恫 规氢栏肺电 腹篮 荤恩甸捞 塞苞 锐噶阑 掘绰促搁 弊巴肚茄 亮篮 眠技牢巴鞍匙夸."	何沥利
促剧己狼 技拌肺 茄 惯磊惫 歹 唱酒埃 捞技倒 菊栏肺档 颇捞泼!! 	何沥利
郴积阿牢单 祈笼磊丛 林福福侨捞促	编沥利
秒氢 粮吝 秦具摆瘤	编沥利
酒 柳楼 呈公 岗乐促 捞技倒 捞巴捞 埔待苞 己厘窍绰 己厘屈 酒捞倒捞瘤..募ち	编沥利
贸澜俊绰 弊贰 构 弊矾绊 览盔档 茄 荤恩烙 某腐磐 救俊 荤恩甸捞 眶扁绊 弊矾聪鳖 弊法绰单 咯矾 滚眠倔弊缝甸 积扁绰芭 焊聪鳖 固贰俊 措茄刮惫捞 官眠倔 酒捞倒肺 第丹鳃鳖毫 滴菲促 贾流洒.... 纳捞扑捞 弊成 某腐磐甸肺 第丹洒绰 芭垒酒 弊扒 饺绢.. 流立 角拱阑 焊绰霸 亮瘤... 捞技倒捞尔 绊糕 课鸥滚胶 俺牢利栏肺 1斥逞霸 魄 荤恩牢单 柳楼 荤恩捞 乐绢具亮瘤... 夸击 沥富 捞繁 积阿店.	何沥利
靛叼绢 恐 救唱坷唱 沁焙せせせせせせ	编沥利
欧酒	编沥利
唱绰 亮酒窍变 窍瘤父 贾流洒 老馆牢甸捞唱 夸硫 绢弗甸篮 芭何皑 甸 荐 乐绰霸 嘎澜 辟单 咯扁辑 捞扒 粱 捞矾绰 局甸茄抛 瘩臂崔 鞘夸 绝促 捞矾绰霸 坷洒妨 埔待 垮 冈绰芭烙 傲 葛电 狼斑阑 荐侩利 怕档肺 官操绊 乐绰霸 缴脚俊 祈窃 垮篮 角力 酒捞倒档 冈绰单 捞技倒捞扼绊 促甫鳖	何沥利
"滚眠倔阑 贸澜 立沁阑锭绰 寇葛瘤惑林狼 场魄空 鞍篮 蠢肠捞看绰单 坷洒妨 某腐磐扼绰 呕阑 静搁辑

弊 荤恩俊 措茄 概仿捞唱 角仿俊父 笼吝窍霸 登聪鳖 寇葛 惑包绝捞 亮篮 牢犁甸捞 劝悼且 荐 乐绰霸 沥富 奴 厘痢牢芭 鞍酒夸"	何沥利
客 捞芭 AI牢临舅疽绰单 荤恩捞 流立窍绰芭看匙 せせせせせせせ 畴贰 呈公 扁拌澜 鞍辨贰 寸楷洒 AI牢临舅疽澜..	何沥利
绞せせ 瘩臂皑矫窜 乐澜? 喊肺扼绊 窍绰 瘩臂浚 官柠国饭鞍捞 隔妨靛匙	编沥利
茄锭 老夯俊辑 快鸥捞抛啊 蜡青捞菌阑锭啊 乐菌烈. 茄惫俊辑 牢扁档 腹疽绢辑 历档 亮酒沁菌绰单 弊芭尔 肯傈 厚搅窍促绊 毫夸. 某腐磐 磊某 窍唱 父甸绢初绊 畴贰何福绰!! 老夯 局聪唱 父拳 亮酒窍矫绰 坷鸥捻甸捞 亮酒且过秦辑 老馆牢甸篮 弊购久栏肺 焊捞变且淀..	何沥利
"捞霸...捞技倒 颇绊唱辑 窃何肺 戈矫窍瘤 富磊绰 背绕阑 掘菌澜.

郴啊 摧腮荤恩捞菌唱 酵绊..粱 歹 凯赴 传栏肺 技惑阑 官扼焊妨绊 畴仿窍霸灯嚼聪促"	何沥利
"快课被阑 棵妨摹扁 窍绰扒 酒丛.. 蜡疙茄 1技措 胶飘府赣聪瘪 寸楷洒 舅帮 乐瘤父 课拱盔 啊涝档 救沁绊 蜡Z栏肺 康惑捞唱 焊绰 沥档扼 埔摹扼 何甫 沥档绰 酒丛
捞技倒档 磊技茄 胶配府鳖柳 葛福瘤父 快课被捞 橇肺掂教茄 滚抿倔 酒捞倒捞扼绰 沥档 阿 糕滚甸 捞抚捞唱 埔待 捞抚, 惯钎茄 邦 沥档父 酒绰 荤恩烙"	编沥利
"唱 捞技倒 葛福绊 瘩臂 垮鞍篮芭 腹酒辑 茫酒航 款康俺魄牢单 能辑飘绰 俺驴菌促,亮疽促 扼带单 辟单 某腐磐能辑飘扼 促矫杭 积阿篮 绝澜 辟单 沥累 救艾带 局甸捞 垮 促 窍绰芭烙? 促弗 巩拳蠢聪 秒固粱 出抵扼 荤恩捞 老父窍促 第龙鳖?  包缴绝澜 救焊搁登绊 瘤甸茄抛 垮窍搁 崔妨甸芭搁辑 恐 巢茄抛 垮窍绊 厚抄窍瘤? 锄俊 捞惑乐唱 柳楼肺 弊霸 歹 焊扁 饺菌澜"	编沥利
亲历快 酒矫酒棵覆侨捞 凯府绰 付寸俊 e胶器明啊 沥侥辆格捞 登菌淀捞 10斥傈父 秦档 穿啊 霸烙 蝶困啊 棵覆侨俊 唱哎波扼绊 积阿阑 窍看绰啊 唱肺结档 历繁巩拳啊 酒流 撤汲瘤父 郴啊 绢副锭 局聪甫 焊搁辑 凯堡窍带吧 捞秦甫 给窍带 绢弗甸捞 乐菌淀捞 瘤陛 郴啊 弊 困摹俊 乐绰霸 酒囱啊 酵扁档 窍促 霸烙档 啊惑狼 牢拱捞 榴芭框阑 林绊 历繁 捞技倒档 荤恩甸俊霸 榴芭框阑 林瘤臼绰啊? 构啊 登菌扒 弊甸俊霸 榴芭框阑 临荐乐促搁 弊吧肺 等芭促 25斥傈 荤捞滚啊荐 酒淬捞 畴贰甫 阂矾辑 牢扁甫 掘菌淀捞 快府绰 捞固 国结 弊繁巩拳甫 立秦吭促 瘤陛篮 粱歹 柳拳登绊 巩拳啊目柳巴挥 捞秦窍妨 亮酒窍瘤 臼酒档 等促 弊甸狼 巩拳甫 牢沥窍搁 登绰巴	何沥利
阿阿 干滚 己快 焊搁 酒付 呕傣窍瘤 臼栏鳖? せせせ	何沥利
救 亮酒且鉴 乐绰单 被捞 区坷窍搁辑鳖瘤 垮且 鞘夸啊 乐唱.. 弊成 历繁 巩拳档 乐唱焊促窍搁登绰 芭	何沥利
牢磐轰绰 措眉 公郊 扁扁肺 窍继辨贰 拳龙捞哥 匙飘况农哥 沥惑利牢霸 窍唱档 绝绰芭せせせせ	编沥利
"滚抿倔 酒捞倒篮 酒聪瘤父 农肺胶坷滚 弊缝 器饭胶炮扼档 唱捞 力茄 绝捞 坷叼记阑 烹秦 父甸绢柳 弊缝捞垒酒夸? 荐斥 埃狼 畴仿 场俊 茄惫狼 吝缴捞 登菌绊... 捞技拌酒捞倒档 捞力绰 茄惫 滚抿倔 酒捞倒挥父 酒聪扼 茄惫 啊夸拌狼 货 开荤甫 静绰 弊繁 酒萍胶飘啊 登瘤 臼疽唱 俺牢利栏肺 积阿钦聪促! 澜厩篮 沥富肺 楷飞措 惑包绝捞 穿备唱 榴扁霸 秦林绰 塞捞 乐绰 芭 鞍酒夸!! 楷飞, 厘福 惑包绝捞 茄惫狼 酒萍胶飘甸阑 览盔钦聪促! 措茄刮惫 澜厩 拳捞泼!!! "	何沥利
娟甸酒 厩敲 粱 郴厚抵 捞锅 康惑俊辑 漂洒 朝墨酚霸 备绰 局甸捞 腹匙 角力 酒捞倒甸档 喊 捞惑茄 吧肺 垮窍绰 荤恩甸 腹篮单 快府扼绊 喊 芭 促福摆绢? 弊府绊 好垒酒 快宽芭府带 荤恩甸捞 割 崔 第俊 捞技倒 橇荤崔绊 乐绰芭 せせせせせ 蜡涝瞪荐乐绰 荤恩甸捞聪鳖 力惯 蜡窍霸 奔磊..	编沥利
"某腐磐档 亮瘤父, 荤恩阑 亮酒窍绰霸 歹 奴芭 鞍酒夸 夯龙篮 胶飘府赣绊 规价阑 焊绊 鞍捞 眶绊 窍促焊聪 某腐磐档 磊楷胶反霸 罐酒甸咯脸带巴 鞍酒夸 せせ 弊矾聪鳖 咯矾盒 公炼扒 罐酒甸捞角 鞘夸绰 绝嚼聪促, 弊成 捞繁 巴档 乐备唱 窍搁辑 逞绢啊林矫搁 瞪 巴 鞍酒夸 ぞぞ 促父 氰茄富甸篮 炼陛 伙啊秦林继栏搁 窍匙夸. 荤恩捞瘤 AI啊 酒聪聪瘪夸"	编沥利
"快府 酒捞倒 沥富 磊尔胶反促...贸澜焊矫绰 盒甸篮 '捞霸 构具'扼绊 窍角 荐 乐瘤父 '捞繁 酒捞倒档 乐备唱'扼绊 积阿秦 林矫搁 皑荤窍摆嚼聪促
捞技倒 拳捞泼"	何沥利
力3技拌酒捞倒.	何沥利
胶宏胶 PC荤剧 荐霖せせせ	何沥利
芥弛 福福顶 八唱 捞悔霸 唱吭匙	编沥利
技惑捞 曼	何沥利
捞技倒 荤尔秦!!!!!!!!!!!!	何沥利
技惑捞 唱甫 撅鳖秦 扼绰 瘩臂捞 腹酒焊捞绰单 技惑篮 呈茄抛 包缴 绝澜 せせせせせせせせせせ	何沥利
瘩臂肺 鳖绰 局甸 漂隆捞 怖 茄锅码 惯 淬迸夯 局甸烙 せせせせせせ 柳楼 老馆牢篮 脚版 救静绰单 被捞 瘩臂肺 客辑 垮窍绰芭 焊搁 弊成 眶败	编沥利
欧局だ	何沥利
"坷鸥捻 嘎嚼聪促
罐酒甸捞扁 绢妨款 芭 嘎嚼聪促
脚扁茄 芭 嘎嚼聪促"	编沥利
固媚倒酒啊匙	编沥利
"胶宏胶狼 亮篮 秒犁客 牢磐轰 皑荤钦聪促!
葛滴甸 榴芭款 茄啊困 登矫辨 官而聪促!"	何沥利
老夯狼 澜魔窍绊 唱慧巩拳甫 啊廉棵 捞蜡啊 乐唱酵匙	何沥利
函拳窍绰 技惑 荤绊规侥捞 第冻绢瘤绰 牢埃 档怕 货肺款镑俊绰 捣捞 乐促.	何沥利
富窍绰芭 じい眶辫 流立父唱矾客玲单 瘤甸篮 坷瘤档 臼酒初绊ぜぜせせせせせせせせせせせせせせせせ堪捍せせせせせせせせせ	何沥利
磊扁啊 亮酒窍绰吧 柳缴栏肺 榴扁绰 荤恩捞 磊扁啊 捞秦给窍摆促绊 公瘤己栏肺 鳖绰 荤恩焊促绰 任纠 沥惑利捞扼绊 积阿钦聪促	编沥利
"救崇窍技夸! 捞技拌酒捞倒狼 没樊窃苞 98斥积阑 该绊乐绰 绊技备涝聪促! ^け^
胶宏胶 春胶评苞 窃膊 牢磐轰甫 罐霸 登促聪... 呈公 舵表绊 康堡牢 矫埃捞菌嚼聪促! 皑荤钦聪促!
促甸 榴芭款 眠籍 茄啊困 焊郴技夸!!!!!!!!"	何沥利
酒聪 春胶柳免 公具	何沥利
"胶宏胶 春胶俊 捞技倒捞 唱棵芭扼绊 惑惑档 给沁嚼聪促ば
快府 酒捞倒俊霸 包缴啊廉林寂辑 皑荤钦聪促!!!
胶宏胶 牢扁啊夸俊 捞技倒捞 攫哩埃 殿厘窍辨!!"	何沥利
快课被 弊绰 脚捞促....	何沥利
卿 捞沥档搁 酒捞骏胶鸥档 赣瘤 臼篮 固贰牢啊? 	编沥利
老夯酒 老窜 公腑何磐 草绊 捞具扁 窍磊	编沥利
春胶俊辑 促风扁浚 呈公 10傣 酒囱啊	何沥利
捞繁芭 杭锭付促 技惑捞 朝 隔贰墨皋扼 窍绰芭 鞍促	何沥利
唱绰 坷康琶 盔盖碱甫 焊绊 酵促..	何沥利
3:37 柳楼 酒捞倒盒甸俊霸绰 呈公 亮篮 扁贱牢芭 鞍酒夸..	何沥利
窍促窍促 柳楼 せせせせ 捞霸嘎唱酵匙	何沥利
捞技倒捞 春胶鳖瘤 唱坷促聪... 剧瘤肺 滴俺犁だだだだだだだだだだ	编沥利
葛滴 泪荐霖厚?? 肋 救甸妨夸快~	何沥利
捞技倒... 官迪扁荤 富窍绰临せせせせせせせせせせ	编沥利
唱档 老馆牢篮 酒囱单 历扒 芭弗促	何沥利
且赣聪笼 哪腔磐肺 VR锚 甸绢埃 蠢肠捞匙 せせせ	何沥利
咯扁鳖瘤 崔妨柯 快府 酒捞倒捞 沥富 磊尔胶反促 绊积沁促 刘富	何沥利
"胶宏胶 淬寸磊丛 哪腔磐 荤剧阑 诀弊饭捞靛且 鞘夸啊 乐绢焊涝聪促,,.."	何沥利
割俺岿 傈鳖瘤父 秦档 垮窍带 荤恩甸 橇荤 捞技倒肺 官诧芭焊绊 俺磐脸澜せせせせ 唱档 弊吝俊 窍唱绊...	何沥利
弊成 窜鉴洒 某腐磐父 亮酒窍扁 焊促绰 捞技拌 酒捞倒捞 焊咯林绰 胶配府客 皑悼俊 歹 馆秦辑 览盔窍绰 淀 开矫 酒捞倒篮 胶配府瘤 欧酒 捞技拌 酒捞倒 拳捞泼!!!!	
